rmse_mean,rmse_std,mae_mean,mae_std,model,target,n_features
0.10975173874349782,0.05099845530687413,0.08755093125739657,0.03982164633784213,Baseline (macro only),yield_2y_chg1d,6
0.1449635471888072,0.05599087030819527,0.12033510269333861,0.04836268205072119,Linear (keyword NLP+macro),yield_2y_chg1d,15
0.12217994692607678,0.043822012019237584,0.09837162600777656,0.03419608140832508,Ridge (full NLP+macro),yield_2y_chg1d,19
0.09258969193081046,0.03777561538004018,0.07237271971906138,0.02939793534482069,Lasso (full NLP+macro),yield_2y_chg1d,19
0.08653421212533992,0.042737882469368126,0.06744618392379911,0.03418352982853655,Random Forest,yield_2y_chg1d,19
0.10256073653523115,0.046867308907396696,0.08083781647988623,0.039028544918071846,XGBoost,yield_2y_chg1d,19
0.11122445926326177,0.03913816870606167,0.08575144521569628,0.03219570105967922,Baseline (macro only),yield_2y_chg3d,6
0.13532651511270322,0.06801264919555365,0.10563072547388294,0.055000978284224865,Linear (keyword NLP+macro),yield_2y_chg3d,15
0.13592231161790694,0.08482480134738851,0.10450802211270024,0.07050816533658272,Ridge (full NLP+macro),yield_2y_chg3d,19
0.10767118395991042,0.05037155463309225,0.08176491753898459,0.041676551255533725,Lasso (full NLP+macro),yield_2y_chg3d,19
0.10497708275552149,0.04583099156449966,0.07815704394506254,0.03749553818211319,Random Forest,yield_2y_chg3d,19
0.11535403613010878,0.0426613656131385,0.08463969276864182,0.035307814898255886,XGBoost,yield_2y_chg3d,19
0.127399002207919,0.04757792728928001,0.10170327061533142,0.042344197910513776,Baseline (macro only),yield_2y_chg5d,6
0.15274934791047737,0.07224223719821876,0.12478755715253047,0.05755540269562556,Linear (keyword NLP+macro),yield_2y_chg5d,15
0.14783987710071742,0.08375924243272448,0.1157218123090186,0.06818720729608865,Ridge (full NLP+macro),yield_2y_chg5d,19
0.12468176349255748,0.05252414889187649,0.0954822409965774,0.041320637638965256,Lasso (full NLP+macro),yield_2y_chg5d,19
0.11899486515290927,0.043079118121975,0.091754321843972,0.035289291407487974,Random Forest,yield_2y_chg5d,19
0.12619902799747684,0.048258995602077366,0.09524348609795746,0.03787851317767831,XGBoost,yield_2y_chg5d,19
0.12224331901242691,0.04691869865259632,0.09627435685908466,0.03007723307287005,Baseline (macro only),yield_10y_chg1d,6
0.17309206717066034,0.10080307215825074,0.13218701935696237,0.07138097957019801,Linear (keyword NLP+macro),yield_10y_chg1d,15
0.1449649363680053,0.06692914860401702,0.110593040140295,0.04804168772605852,Ridge (full NLP+macro),yield_10y_chg1d,19
0.10929067789933211,0.033948160207175185,0.08638040927547433,0.0247796685935025,Lasso (full NLP+macro),yield_10y_chg1d,19
0.11066918468269524,0.033074039000905324,0.08784729360130375,0.024033177731081365,Random Forest,yield_10y_chg1d,19
0.12716747707934534,0.034923908941592446,0.10141506969877667,0.025357394817989584,XGBoost,yield_10y_chg1d,19
0.1336001249583882,0.022025689735060257,0.10476802503529223,0.021092267254348807,Baseline (macro only),yield_10y_chg3d,6
0.17463570586245553,0.07717909872304889,0.13414720415770076,0.06149473331791691,Linear (keyword NLP+macro),yield_10y_chg3d,15
0.16623694584113954,0.07629508149340389,0.12759533526398809,0.06439836128171887,Ridge (full NLP+macro),yield_10y_chg3d,19
0.13251083008445744,0.031369318985608276,0.10053403228707807,0.02496610308102185,Lasso (full NLP+macro),yield_10y_chg3d,19
0.13312269784644987,0.028708886112018016,0.09958923773063859,0.02143964076302217,Random Forest,yield_10y_chg3d,19
0.14860412763067202,0.02565359924345911,0.11177848504976398,0.02368146284264426,XGBoost,yield_10y_chg3d,19
0.15553031828135325,0.02711318240821812,0.11921786304327615,0.018837285077867836,Baseline (macro only),yield_10y_chg5d,6
0.19368615301145575,0.052854951690996625,0.15191325081848386,0.04305791197724319,Linear (keyword NLP+macro),yield_10y_chg5d,15
0.1893695219291323,0.05007540755884799,0.14995911172450566,0.04293942138708212,Ridge (full NLP+macro),yield_10y_chg5d,19
0.1508848326272726,0.02972901596533063,0.11655162979421711,0.02008203556312842,Lasso (full NLP+macro),yield_10y_chg5d,19
0.15102045970374015,0.029672980668071065,0.11720508161144434,0.022368797680823015,Random Forest,yield_10y_chg5d,19
0.17069119889935547,0.030231391086192053,0.13345011848818147,0.026653473505513694,XGBoost,yield_10y_chg5d,19
0.08137901175973927,0.028407899792439247,0.06345212102067341,0.021645733343739065,Baseline (macro only),spread_2s10s_chg1d,6
0.11573298873117326,0.03877412919165041,0.08749596020324303,0.0220340750581376,Linear (keyword NLP+macro),spread_2s10s_chg1d,15
0.10629092815682481,0.023966188349002302,0.08182472114620838,0.01542608110196069,Ridge (full NLP+macro),spread_2s10s_chg1d,19
0.07955769876908757,0.028884077108408488,0.06228906256285348,0.022264270181683966,Lasso (full NLP+macro),spread_2s10s_chg1d,19
0.082356000937483,0.02797647126981356,0.06617791550723764,0.02178820504847313,Random Forest,spread_2s10s_chg1d,19
0.1079267959616856,0.05790276610903677,0.09036560423220613,0.052325470585798894,XGBoost,spread_2s10s_chg1d,19
0.09707001711573633,0.03194653377976451,0.07495018500506484,0.025608268641757616,Baseline (macro only),spread_2s10s_chg3d,6
0.12469431315609192,0.060108104217921385,0.09836217579107309,0.044551601959132346,Linear (keyword NLP+macro),spread_2s10s_chg3d,15
0.110504894116111,0.03759905884839601,0.0842715022949589,0.026255615259083168,Ridge (full NLP+macro),spread_2s10s_chg3d,19
0.0941569054940463,0.031569791419062944,0.0722713574571888,0.023892943004209168,Lasso (full NLP+macro),spread_2s10s_chg3d,19
0.09730675264996391,0.030981327108254623,0.07547635230589797,0.022657908284943115,Random Forest,spread_2s10s_chg3d,19
0.1397286105551371,0.07708801831167734,0.11572695980291818,0.07247457009341392,XGBoost,spread_2s10s_chg3d,19
0.1094195368384923,0.036160318555787815,0.08577896074142079,0.027520765456639933,Baseline (macro only),spread_2s10s_chg5d,6
0.14714851214311192,0.05012149284938008,0.1198165618927413,0.039958205551144446,Linear (keyword NLP+macro),spread_2s10s_chg5d,15
0.14119347875629576,0.04461749076678256,0.11418689776373021,0.034297214759152116,Ridge (full NLP+macro),spread_2s10s_chg5d,19
0.10781221795370122,0.04130063456542482,0.08422748179224457,0.03100149210235652,Lasso (full NLP+macro),spread_2s10s_chg5d,19
0.10840882175401767,0.04067241675370834,0.08513631852487108,0.030558277998122083,Random Forest,spread_2s10s_chg5d,19
0.17697238548938765,0.12664859602275247,0.1498968104985392,0.1220805355042896,XGBoost,spread_2s10s_chg5d,19
