fomc_date,yield_2y_pre,yield_2y_chg1d,yield_2y_dir1d,yield_2y_chg3d,yield_2y_dir3d,yield_2y_chg5d,yield_2y_dir5d,yield_10y_pre,yield_10y_chg1d,yield_10y_dir1d,yield_10y_chg3d,yield_10y_dir3d,yield_10y_chg5d,yield_10y_dir5d,spread_2s10s_pre,spread_2s10s_chg1d,spread_2s10s_dir1d,spread_2s10s_chg3d,spread_2s10s_dir3d,spread_2s10s_chg5d,spread_2s10s_dir5d,fed_funds_rate,cpi_yoy,unemployment
1994-02-04,4.28,0.1299999999999999,1,0.14999999999999947,1,0.16000000000000014,1,5.81,0.15000000000000036,1,0.11000000000000032,1,0.07000000000000028,1,1.5299999999999994,0.020000000000000462,1,-0.03999999999999915,0,-0.08999999999999986,0,3.19,,6.6
1994-05-17,6.03,-0.20000000000000018,0,-0.23000000000000043,0,-0.08999999999999986,0,7.24,-0.20999999999999996,0,-0.22000000000000064,0,-0.07000000000000028,0,1.21,-0.009999999999999787,0,0.009999999999999787,1,0.019999999999999574,1,4.27,,6.1
1994-08-16,6.26,-0.1200000000000001,0,-0.02999999999999936,0,0.0,0,7.3,-0.14999999999999947,0,-0.03000000000000025,0,-0.019999999999999574,0,1.04,-0.02999999999999914,0,-8.881784197001252e-16,0,-0.019999999999999574,0,4.35,,6.0
1994-11-15,7.06,0.09000000000000075,1,0.17000000000000082,1,0.23000000000000043,1,7.94,0.02999999999999936,1,0.0699999999999994,1,0.05999999999999961,1,0.8800000000000008,-0.060000000000001386,0,-0.10000000000000142,0,-0.17000000000000082,0,5.59,1.8354860639021144,5.6
1995-02-01,7.26,0.14000000000000057,1,-0.08000000000000007,0,-0.08000000000000007,0,7.6,0.08000000000000007,1,-0.0699999999999994,0,-0.0699999999999994,0,0.3399999999999998,-0.0600000000000005,0,0.010000000000000675,1,0.010000000000000675,1,5.25,2.30508474576272,5.4
1995-07-06,5.78,-0.2400000000000002,0,-0.1900000000000004,0,-0.16999999999999993,0,6.19,-0.15000000000000036,0,-0.10000000000000053,0,-0.10000000000000053,0,0.4100000000000001,0.08999999999999991,1,0.08999999999999991,1,0.0699999999999994,1,6.06,2.141900937081642,5.7
1995-12-19,5.43,-0.09999999999999964,0,-0.14999999999999947,0,-0.16000000000000014,0,5.85,-0.08999999999999986,0,-0.13999999999999968,0,-0.15999999999999925,0,0.4199999999999999,0.009999999999999842,1,0.009999999999999842,1,9.43689570931383e-16,1,5.63,1.383399209486158,5.6
1996-01-31,5.02,-0.08999999999999986,0,-0.0699999999999994,0,-0.09999999999999964,0,5.63,0.0,0,0.07000000000000028,1,0.03000000000000025,1,0.6100000000000003,0.08999999999999986,1,0.13999999999999968,1,0.1299999999999999,1,5.71,1.709401709401703,5.6
2003-01-29,1.7,0.0,0,0.020000000000000018,1,0.030000000000000027,1,4.0,0.0,0,0.009999999999999787,1,0.019999999999999574,1,2.3,0.0,0,-0.009999999999999787,0,-0.009999999999999787,0,1.26,1.7270194986072296,5.8
2003-03-18,1.63,0.09000000000000008,1,0.17000000000000015,1,0.06000000000000005,1,3.82,0.16000000000000014,1,0.2900000000000005,1,0.15000000000000036,1,2.19,0.06999999999999984,1,0.12000000000000055,1,0.08999999999999986,1,1.2,2.1666666666666723,5.9
2003-05-06,1.55,-0.10000000000000009,0,-0.10000000000000009,0,-0.08000000000000007,0,3.92,-0.19999999999999973,0,-0.22999999999999998,0,-0.29000000000000004,0,2.37,-0.09999999999999964,0,-0.1299999999999999,0,-0.20999999999999996,0,1.28,1.3296398891966763,6.1
2003-06-25,1.14,0.27,1,0.18000000000000016,1,0.16000000000000014,1,3.29,0.2599999999999998,1,0.25,1,0.27,1,2.1500000000000004,-0.010000000000000231,0,0.06999999999999984,1,0.10999999999999943,1,1.18,1.0485651214128031,6.3
2003-08-12,1.81,0.050000000000000044,1,0.040000000000000036,1,0.0,0,4.38,0.20000000000000018,1,0.16999999999999993,1,0.0,0,2.57,0.15000000000000036,1,0.13000000000000034,1,0.0,0,0.99,1.4851485148514865,6.1
2003-09-16,1.63,0.0,0,0.07000000000000006,1,0.050000000000000044,1,4.28,-0.08000000000000007,0,-0.11000000000000032,0,-0.040000000000000036,0,2.6500000000000004,-0.08000000000000007,0,-0.18000000000000016,0,-0.08999999999999986,0,0.97,1.3691128148959564,6.1
2003-10-28,1.83,-0.040000000000000036,0,0.020000000000000018,1,0.030000000000000027,1,4.3,0.009999999999999787,1,0.03000000000000025,1,0.03000000000000025,1,2.47,0.04999999999999982,1,0.009999999999999787,1,0.0,0,0.98,0.7080610021786615,6.0
2003-12-09,1.94,0.0,0,-0.09999999999999987,0,-0.10999999999999988,0,4.29,0.009999999999999787,1,-0.03000000000000025,0,-0.04999999999999982,0,2.35,0.009999999999999787,1,0.06999999999999984,1,0.06000000000000005,1,0.97,1.2554585152838582,5.7
2004-01-28,1.7,0.17999999999999994,1,0.13000000000000012,1,0.10000000000000009,1,4.11,0.10999999999999943,1,0.0699999999999994,1,0.040000000000000036,1,2.41,-0.07000000000000028,0,-0.06000000000000005,0,-0.05999999999999961,0,0.99,1.8589393110989727,5.7
2004-03-16,1.56,-0.030000000000000027,0,0.0,0,-0.040000000000000036,0,3.78,-0.06999999999999984,0,0.020000000000000018,1,-0.04999999999999982,0,2.22,-0.040000000000000036,0,0.020000000000000018,1,-0.010000000000000231,0,0.99,1.8508437670114344,5.8
2004-05-04,2.34,0.0,0,0.30000000000000027,1,0.27,1,4.53,0.08000000000000007,1,0.2599999999999998,1,0.2599999999999998,1,2.1900000000000004,0.08000000000000007,1,-0.04000000000000048,0,-0.010000000000000231,0,1.0,2.0054200542005463,5.6
2004-06-30,2.83,-0.18999999999999995,0,-0.29000000000000004,0,-0.27,0,4.7,-0.1299999999999999,0,-0.21999999999999975,0,-0.20000000000000018,0,1.87,0.05999999999999983,1,0.07000000000000028,1,0.06999999999999984,1,1.38,2.1633315305570555,5.6
2004-08-10,2.45,0.08999999999999986,1,0.020000000000000018,1,-0.010000000000000231,0,4.28,0.019999999999999574,1,-0.0600000000000005,0,-0.07000000000000028,0,1.83,-0.07000000000000028,0,-0.08000000000000052,0,-0.06000000000000005,0,1.43,1.9946091644204689,5.4
2004-09-21,2.46,0.040000000000000036,1,0.16000000000000014,1,0.08999999999999986,1,4.07,-0.07000000000000028,0,-0.03000000000000025,0,-0.05000000000000071,0,1.6100000000000003,-0.11000000000000032,0,-0.1900000000000004,0,-0.14000000000000057,0,1.7,1.8786902844873945,5.4
2004-11-10,2.8,0.020000000000000018,1,0.0900000000000003,1,0.050000000000000266,1,4.22,0.03000000000000025,1,-0.019999999999999574,0,-0.08000000000000007,0,1.42,0.010000000000000231,1,-0.10999999999999988,0,-0.13000000000000034,0,1.92,2.4585783003741257,5.4
2004-12-14,2.98,-0.009999999999999787,0,0.04999999999999982,1,0.06999999999999984,1,4.16,-0.07000000000000028,0,0.04999999999999982,1,0.019999999999999574,1,1.1800000000000002,-0.0600000000000005,0,0.0,0,-0.050000000000000266,0,2.24,2.294557097118455,5.4
2005-02-02,3.29,0.04999999999999982,1,0.020000000000000018,1,-0.04999999999999982,0,4.15,0.02999999999999936,1,-0.08000000000000007,0,-0.15000000000000036,0,0.8600000000000003,-0.020000000000000462,0,-0.10000000000000009,0,-0.10000000000000053,0,2.29,2.2316684378321128,5.4
2005-03-22,3.72,0.11999999999999966,1,0.1599999999999997,1,0.1499999999999999,1,4.53,0.08000000000000007,1,0.0699999999999994,1,0.0699999999999994,1,0.81,-0.03999999999999959,0,-0.0900000000000003,0,-0.08000000000000052,0,2.72,2.115282919090422,5.2
2005-05-03,3.64,-0.010000000000000231,0,0.08999999999999986,1,0.04999999999999982,1,4.21,-0.009999999999999787,0,0.07000000000000028,1,0.020000000000000462,1,0.5699999999999998,4.440892098500626e-16,1,-0.019999999999999574,0,-0.02999999999999936,0,2.95,2.3255813953488413,5.1
2005-06-30,3.65,0.10999999999999988,1,0.14000000000000012,1,0.06000000000000005,1,3.99,0.0699999999999994,1,0.1200000000000001,1,0.05999999999999961,1,0.3400000000000003,-0.04000000000000048,0,-0.020000000000000018,0,-4.996003610813204e-16,0,3.35,1.5199161425576424,5.0
2005-08-09,4.16,-0.03000000000000025,0,-0.11000000000000032,0,-0.1299999999999999,0,4.42,-0.019999999999999574,0,-0.17999999999999972,0,-0.1899999999999995,0,0.2599999999999998,0.01000000000000062,1,-0.0699999999999994,0,-0.05999999999999969,0,3.47,2.295252999478348,4.9
2006-01-31,4.52,0.07000000000000028,1,0.07000000000000028,1,0.09000000000000075,1,4.54,0.03000000000000025,1,0.0,0,0.03000000000000025,1,0.0200000000000004,-0.0399999999999999,0,-0.0700000000000002,0,-0.0600000000000004,0,4.47,2.944214876033069,4.7
2006-03-28,4.72,0.10000000000000053,1,0.10000000000000053,1,0.1200000000000001,1,4.7,0.10999999999999943,1,0.16000000000000014,1,0.16999999999999993,1,-0.0199999999999995,0.0099999999999989,1,0.0599999999999995,1,0.0499999999999997,1,4.7,2.4628014366341544,4.7
2006-05-10,4.97,0.020000000000000462,1,0.020000000000000462,1,0.0,0,5.13,0.009999999999999787,1,0.020000000000000462,1,0.03000000000000025,1,0.1600000000000001,-0.010000000000000675,0,0.0,0,0.030000000000000304,1,4.88,2.6517083120856766,4.6
2006-06-29,5.29,-0.1299999999999999,0,-0.1200000000000001,0,-0.07000000000000028,0,5.25,-0.09999999999999964,0,-0.09999999999999964,0,-0.05999999999999961,0,-0.04,0.0300000000000003,1,0.0200000000000005,1,0.0100000000000007,1,5.08,1.3561024610748484,4.6
2006-08-08,4.96,-0.04999999999999982,0,0.0,0,-0.019999999999999574,0,4.93,-0.009999999999999787,0,0.040000000000000036,1,0.0,0,-0.0300000000000002,0.0399999999999999,1,0.0399999999999999,1,0.0199999999999996,1,5.26,2.877334679454835,4.7
2006-09-20,4.79,-0.08000000000000007,0,-0.16000000000000014,0,-0.1299999999999999,0,4.74,-0.08999999999999986,0,-0.1800000000000006,0,-0.14000000000000057,0,-0.0499999999999998,-0.0099999999999998,0,-0.0200000000000004,0,-0.010000000000000696,0,5.23,1.7561465127947873,4.5
2006-10-25,4.91,-0.10000000000000053,0,-0.1299999999999999,0,-0.25,0,4.83,-0.09999999999999964,0,-0.15000000000000036,0,-0.2599999999999998,0,-0.08,9.020562075079397e-16,1,-0.020000000000000503,0,-0.0099999999999998,0,5.26,1.253761283851551,4.4
2006-12-12,4.67,0.03000000000000025,1,0.0600000000000005,1,0.040000000000000036,1,4.52,0.0600000000000005,1,0.08000000000000007,1,0.08000000000000007,1,-0.1500000000000003,0.030000000000000193,1,0.0199999999999996,1,0.039999999999999994,1,5.23,1.195814648729443,4.4
2007-01-31,4.98,-0.020000000000000462,0,-0.0600000000000005,0,-0.11000000000000032,0,4.88,-0.040000000000000036,0,-0.07000000000000028,0,-0.13999999999999968,0,-0.1000000000000005,-0.0199999999999996,0,-0.0099999999999998,0,-0.02999999999999939,0,5.33,1.0615996025832075,4.6
2007-03-21,4.6,-0.019999999999999574,0,-0.040000000000000036,0,-0.0699999999999994,0,4.56,0.040000000000000036,1,0.040000000000000036,1,0.0600000000000005,1,-0.04,0.0599999999999995,1,0.08,1,0.1299999999999998,1,5.26,1.176934450468203,4.4
2007-05-09,4.68,0.020000000000000462,1,0.05000000000000071,1,0.05000000000000071,1,4.63,0.020000000000000462,1,0.0600000000000005,1,0.08000000000000007,1,-0.0499999999999998,0.0,0,0.0099999999999998,1,0.029999999999999402,1,5.21,1.4499509322865478,4.4
2007-06-18,5.05,-0.10999999999999943,0,-0.0699999999999994,0,-0.17999999999999972,0,5.16,-0.07000000000000028,0,0.0,0,-0.07000000000000028,0,0.1100000000000003,0.039999999999999106,1,0.06999999999999938,1,0.10999999999999939,1,5.23,2.6419019316493264,4.6
2007-08-07,4.46,0.17999999999999972,1,0.009999999999999787,1,-0.07000000000000028,0,4.72,0.1200000000000001,1,0.08999999999999986,1,0.010000000000000675,1,0.2599999999999998,-0.05999999999999969,0,0.08000000000000002,1,0.0800000000000009,1,5.26,2.8054455445544635,4.6
2007-08-17,4.08,0.03000000000000025,1,0.07000000000000028,1,0.21999999999999975,1,4.6,0.040000000000000036,1,0.03000000000000025,1,0.03000000000000025,1,0.5199999999999996,0.009999999999999787,1,-0.04000000000000009,0,-0.18999999999999956,0,4.91,2.248645987198428,4.6
2007-09-18,4.08,-0.08000000000000007,0,-0.020000000000000462,0,-0.08000000000000007,0,4.48,0.04999999999999982,1,0.15999999999999925,1,0.14999999999999947,1,0.4000000000000003,0.12999999999999995,1,0.17999999999999977,1,0.2299999999999996,1,4.92,2.5118341304678937,4.7
2007-10-31,3.82,-0.04999999999999982,0,-0.1299999999999999,0,-0.20999999999999996,0,4.4,-0.040000000000000036,0,-0.05000000000000071,0,-0.0600000000000005,0,0.5800000000000005,0.009999999999999787,1,0.07999999999999918,1,0.14999999999999947,1,4.6,2.430640564864417,4.7
2007-12-11,3.17,-0.10000000000000009,0,0.14000000000000012,1,0.020000000000000018,1,4.15,-0.10000000000000053,0,0.08999999999999986,1,-0.010000000000000675,0,0.9800000000000004,-4.440892098500626e-16,0,-0.050000000000000266,0,-0.030000000000000804,0,4.29,2.691059911415028,5.0
2008-01-22,2.36,-0.27,0,-0.1299999999999999,0,-0.06999999999999984,0,3.66,-0.15000000000000036,0,-0.050000000000000266,0,0.029999999999999805,1,1.3000000000000005,0.11999999999999944,1,0.0799999999999994,1,0.09999999999999942,1,3.68,2.620976518101137,5.0
2008-01-30,2.29,-0.1200000000000001,0,-0.20999999999999996,0,-0.33000000000000007,0,3.69,-0.020000000000000018,0,-0.009999999999999787,0,-0.08000000000000007,0,1.4,0.10000000000000009,1,0.20000000000000018,1,0.25,1,3.26,2.620976518101137,5.0
2008-03-11,1.47,0.15999999999999992,1,0.0,0,0.1100000000000001,1,3.46,0.03000000000000025,1,-0.020000000000000018,0,0.020000000000000018,1,1.99,-0.12999999999999967,0,-0.020000000000000018,0,-0.09000000000000008,0,2.95,2.815469911321133,5.1
2008-03-18,1.35,0.18999999999999995,1,0.24,1,0.43999999999999995,1,3.34,0.040000000000000036,1,0.0,0,0.16999999999999993,1,1.99,-0.1499999999999999,0,-0.2400000000000002,0,-0.27000000000000024,0,2.16,2.815469911321133,5.1
2008-04-30,2.35,0.020000000000000018,1,0.06999999999999984,1,-0.040000000000000036,0,3.85,-0.07000000000000028,0,0.029999999999999805,1,0.020000000000000018,1,1.5,-0.0900000000000003,0,-0.040000000000000036,0,0.06000000000000005,1,2.37,3.0216644917102853,5.0
2008-06-25,2.87,-0.18999999999999995,0,-0.2400000000000002,0,-0.27,0,4.1,-0.02999999999999936,0,-0.10999999999999943,0,-0.10999999999999943,0,1.2299999999999995,0.16000000000000036,1,0.13000000000000078,1,0.16000000000000036,1,1.97,3.954777953057032,5.6
2008-08-05,2.53,0.03000000000000025,1,-0.020000000000000018,0,-0.07999999999999963,0,3.98,0.07999999999999963,1,-0.040000000000000036,0,-0.06999999999999984,0,1.4500000000000002,0.04999999999999938,1,-0.020000000000000018,0,0.009999999999999787,1,1.97,3.726154225599276,6.1
2008-09-16,1.78,-0.14000000000000012,0,0.3800000000000001,1,0.32999999999999985,1,3.47,-0.06000000000000005,0,0.3099999999999996,1,0.3799999999999999,1,1.6900000000000002,0.08000000000000007,1,-0.0700000000000005,0,0.050000000000000044,1,1.98,3.1591995249182325,6.1
2008-10-08,1.47,0.17999999999999994,1,0.15000000000000013,1,0.16999999999999993,1,3.5,0.33999999999999986,1,0.3900000000000001,1,0.54,1,2.03,0.16000000000000014,1,0.2400000000000002,1,0.37000000000000055,1,2.24,2.272191691724723,6.5
2008-10-29,1.65,-0.05999999999999983,0,-0.19999999999999996,0,-0.2899999999999998,0,3.89,0.10999999999999988,1,0.06999999999999984,1,-0.16000000000000014,0,2.24,0.16999999999999993,1,0.2699999999999996,1,0.1299999999999999,1,0.36,2.0255116673797646,6.5
2008-12-16,0.75,-0.020000000000000018,0,-0.010000000000000009,0,0.15000000000000002,1,2.53,-0.3299999999999996,0,-0.3999999999999999,0,-0.34999999999999964,0,1.7799999999999998,-0.3099999999999996,0,-0.3899999999999999,0,-0.49999999999999956,0,0.17,-1.1891073281543596,7.3
2009-01-28,0.87,0.07999999999999996,1,0.020000000000000018,1,0.10999999999999999,1,2.59,0.28000000000000025,1,0.16999999999999993,1,0.3600000000000003,1,1.7199999999999998,0.20000000000000018,1,0.15000000000000036,1,0.2500000000000002,1,0.19,-1.5217835768187138,7.8
2009-03-18,1.05,-0.18000000000000005,0,-0.12,0,-0.09000000000000008,0,3.02,-0.41000000000000014,0,-0.33999999999999986,0,-0.20999999999999996,0,1.97,-0.2300000000000002,0,-0.21999999999999997,0,-0.11999999999999988,0,0.18,-2.9774080432479755,8.7
2009-04-29,0.95,-0.039999999999999925,0,-0.010000000000000009,0,0.010000000000000009,1,3.05,0.11000000000000032,1,0.14000000000000012,1,0.13000000000000034,1,2.1,0.1499999999999999,1,0.1499999999999999,1,0.1200000000000001,1,0.18,-2.734921578490101,9.0
2009-06-24,1.14,-0.019999999999999796,0,-0.029999999999999805,0,-0.08999999999999986,0,3.65,-0.10000000000000009,0,-0.14000000000000012,0,-0.10000000000000009,0,2.51,-0.07999999999999963,0,-0.11000000000000032,0,-0.009999999999999787,0,0.21,-1.0161524459089022,9.5
2009-08-12,1.21,-0.08999999999999986,0,-0.16999999999999993,0,-0.19999999999999996,0,3.71,-0.1200000000000001,0,-0.22999999999999998,0,-0.2599999999999998,0,2.5,-0.029999999999999805,0,-0.06000000000000005,0,-0.05999999999999961,0,0.15,1.914398433286979,9.6
2009-09-23,1.02,-0.08999999999999997,0,-0.040000000000000036,0,-0.07000000000000006,0,3.46,-0.06000000000000005,0,-0.1499999999999999,0,-0.1499999999999999,0,2.44,0.03000000000000025,1,-0.10999999999999988,0,-0.07999999999999963,0,0.15,1.8534159380559023,9.8
2009-11-04,0.92,-0.020000000000000018,0,-0.050000000000000044,0,-0.07000000000000006,0,3.5,0.06999999999999984,1,0.020000000000000018,1,0.0,0,2.58,0.08999999999999986,1,0.06999999999999984,1,0.06999999999999984,1,0.13,2.12924002726782,9.9
2009-12-16,0.88,-0.10999999999999999,0,0.010000000000000009,1,0.07999999999999996,1,3.6,-0.10000000000000009,0,0.08999999999999986,1,0.16999999999999993,1,2.72,0.009999999999999787,1,0.07999999999999963,1,0.08999999999999986,1,0.14,2.1804437047797665,9.9
2010-01-27,0.87,0.0,0,-0.010000000000000009,0,0.010000000000000009,1,3.65,0.03000000000000025,1,0.03000000000000025,1,0.08000000000000007,1,2.78,0.03000000000000025,1,0.04000000000000048,1,0.07000000000000028,1,0.12,2.0964970754194345,9.8
2010-03-16,0.96,-0.010000000000000009,0,0.06000000000000005,1,0.06000000000000005,1,3.71,-0.06000000000000005,0,-0.009999999999999787,0,-0.020000000000000018,0,2.75,-0.04999999999999982,0,-0.06999999999999984,0,-0.08000000000000007,0,0.2,1.223419613833454,9.9
2010-04-28,1.03,-0.020000000000000018,0,-0.030000000000000027,0,-0.15000000000000002,0,3.71,0.04999999999999982,1,0.010000000000000231,1,-0.1299999999999999,0,2.68,0.06999999999999984,1,0.040000000000000036,1,0.020000000000000018,1,0.2,0.9088166353361736,9.9
2010-05-09,0.83,0.020000000000000018,1,0.040000000000000036,1,-0.019999999999999907,0,3.45,0.10999999999999988,1,0.09999999999999964,1,0.020000000000000018,1,2.62,0.08999999999999986,1,0.06000000000000005,1,0.040000000000000036,1,0.2,0.8563670542365731,9.6
2010-06-23,0.71,-0.039999999999999925,0,-0.08999999999999997,0,-0.09999999999999998,0,3.18,-0.040000000000000036,0,-0.13000000000000034,0,-0.20999999999999996,0,2.47,0.0,0,-0.040000000000000036,0,-0.10999999999999988,0,0.17,0.3186934492330762,9.4
2010-08-10,0.54,0.0,0,0.0,0,-0.020000000000000018,0,2.86,-0.13999999999999968,0,-0.17999999999999972,0,-0.21999999999999975,0,2.32,-0.13999999999999968,0,-0.17999999999999972,0,-0.19999999999999973,0,0.18,0.2650140098552134,9.5
2010-09-21,0.47,-0.02999999999999997,0,-0.019999999999999962,0,-0.09999999999999998,0,2.72,-0.16000000000000014,0,-0.10000000000000009,0,-0.2400000000000002,0,2.25,-0.1299999999999999,0,-0.08000000000000007,0,-0.14000000000000012,0,0.2,0.3618590450967351,9.5
2010-11-03,0.34,-0.010000000000000009,0,0.06999999999999995,1,0.09999999999999998,1,2.63,-0.10000000000000009,0,-0.029999999999999805,0,0.020000000000000018,1,2.29,-0.08999999999999986,0,-0.10000000000000009,0,-0.08000000000000007,0,0.2,1.0626792034278187,9.8
2010-12-14,0.61,0.07000000000000006,1,0.0,0,0.020000000000000018,1,3.29,0.23999999999999977,1,0.040000000000000036,1,0.06000000000000005,1,2.68,0.16999999999999993,1,0.040000000000000036,1,0.040000000000000036,1,0.19,1.4116640524739932,9.3
2011-01-26,0.62,-0.030000000000000027,0,-0.040000000000000036,0,0.050000000000000044,1,3.35,0.06999999999999984,1,0.06999999999999984,1,0.16999999999999993,1,2.73,0.10000000000000009,1,0.10999999999999988,1,0.1200000000000001,1,0.17,1.79345575037968,9.1
2011-03-15,0.61,-0.030000000000000027,0,0.0,0,0.07000000000000006,1,3.36,-0.13999999999999968,0,-0.08000000000000007,0,-0.020000000000000018,0,2.75,-0.10999999999999988,0,-0.08000000000000007,0,-0.08999999999999986,0,0.14,2.5004021047310587,9.0
2011-04-27,0.65,-0.030000000000000027,0,-0.040000000000000036,0,-0.050000000000000044,0,3.34,0.0,0,-0.029999999999999805,0,-0.08999999999999986,0,2.69,0.03000000000000025,1,0.010000000000000231,1,-0.040000000000000036,0,0.09,2.8312752669520824,9.1
2011-06-22,0.4,-0.050000000000000044,0,0.009999999999999953,1,0.06999999999999995,1,2.99,-0.06000000000000005,0,-0.040000000000000036,0,0.1499999999999999,1,2.5900000000000003,-0.010000000000000231,0,-0.050000000000000266,0,0.07999999999999963,1,0.09,2.6347387403839573,9.1
2011-08-09,0.27,-0.08000000000000002,0,-0.07,0,-0.07,0,2.4,-0.22999999999999998,0,-0.1599999999999997,0,-0.16999999999999993,0,2.13,-0.1499999999999999,0,-0.08999999999999986,0,-0.10000000000000009,0,0.1,2.967348239901635,9.0
2011-09-21,0.18,0.020000000000000018,1,0.07,1,0.09000000000000002,1,1.95,-0.22999999999999998,0,-0.040000000000000036,0,0.07999999999999985,1,1.77,-0.25,0,-0.1100000000000001,0,-0.010000000000000231,0,0.08,2.445894198121956,9.0
2011-11-02,0.23,0.009999999999999981,1,0.01999999999999999,1,0.009999999999999981,1,2.01,0.08000000000000007,1,0.03000000000000025,1,-0.009999999999999787,0,1.7799999999999998,0.07000000000000028,1,0.010000000000000231,1,-0.019999999999999796,0,0.08,2.3754157315523328,8.6
2011-12-13,0.24,0.010000000000000009,1,0.0,0,0.020000000000000018,1,2.03,-0.10999999999999988,0,-0.1699999999999997,0,-0.08999999999999986,0,1.7899999999999998,-0.11999999999999988,0,-0.1699999999999997,0,-0.10999999999999988,0,0.07,1.3967415314177778,8.5
2012-01-25,0.24,-0.01999999999999999,0,-0.01999999999999999,0,-0.009999999999999981,0,2.08,-0.1200000000000001,0,-0.20999999999999996,0,-0.20999999999999996,0,1.84,-0.10000000000000009,0,-0.19000000000000017,0,-0.20000000000000018,0,0.08,1.3504977625152348,8.3
2012-03-13,0.33,0.07,1,0.03999999999999998,1,0.07999999999999996,1,2.04,0.25,1,0.27,1,0.33999999999999986,1,1.71,0.17999999999999994,1,0.22999999999999998,1,0.26,1,0.12,1.51378690742916,8.2
2012-04-25,0.27,-0.010000000000000009,0,0.0,0,0.0,0,2.0,-0.020000000000000018,0,-0.050000000000000044,0,-0.040000000000000036,0,1.73,-0.010000000000000009,0,-0.050000000000000044,0,-0.040000000000000036,0,0.15,1.3626352241868922,8.2
2012-06-20,0.3,0.020000000000000018,1,0.010000000000000009,1,0.010000000000000009,1,1.64,-0.010000000000000009,0,-0.010000000000000009,0,0.010000000000000009,1,1.34,-0.03000000000000025,0,-0.02000000000000024,0,0.0,0,0.16,0.7823594266813672,8.2
2012-08-01,0.23,0.009999999999999981,1,0.009999999999999981,1,0.05999999999999997,1,1.51,0.0,0,0.08000000000000007,1,0.16999999999999993,1,1.28,-0.010000000000000009,0,0.07000000000000006,1,0.10999999999999988,1,0.14,1.210112295251542,8.1
2012-09-13,0.25,0.020000000000000018,1,0.0,0,0.020000000000000018,1,1.77,0.10999999999999988,1,0.050000000000000044,1,0.030000000000000027,1,1.52,0.09000000000000008,1,0.050000000000000044,1,0.010000000000000009,1,0.15,1.3926317360275942,7.8
2012-10-24,0.29,0.020000000000000018,1,0.010000000000000009,1,0.010000000000000009,1,1.79,0.07000000000000006,1,-0.050000000000000044,0,-0.07000000000000006,0,1.5,0.050000000000000044,1,-0.06000000000000005,0,-0.08000000000000007,0,0.17,1.4492245838242157,7.8
2012-12-12,0.24,0.030000000000000027,1,0.010000000000000009,1,0.040000000000000036,1,1.66,0.08000000000000007,1,0.1200000000000001,1,0.16000000000000014,1,1.42,0.050000000000000044,1,0.1100000000000001,1,0.1200000000000001,1,0.17,0.887484892249546,7.9
2013-01-30,0.3,-0.02999999999999997,0,-0.04999999999999999,0,-0.02999999999999997,0,2.03,-0.009999999999999787,0,-0.029999999999999805,0,-0.029999999999999805,0,1.7299999999999998,0.02000000000000024,1,0.02000000000000024,1,2.220446049250313e-16,1,0.12,1.296821781009383,8.0
2013-03-20,0.24,0.030000000000000027,1,0.0,0,0.010000000000000009,1,1.92,0.030000000000000027,1,0.010000000000000009,1,-0.04999999999999982,0,1.68,0.0,0,0.010000000000000009,1,-0.05999999999999983,0,0.15,1.6151187715998103,7.5
2013-05-01,0.22,-0.01999999999999999,0,0.0,0,0.0,0,1.7,-0.040000000000000036,0,0.10000000000000009,1,0.1100000000000001,1,1.48,-0.020000000000000018,0,0.10000000000000009,1,0.1100000000000001,1,0.14,0.8590019050270126,7.5
2013-06-19,0.27,0.06,1,0.14999999999999997,1,0.12,1,2.2,0.20999999999999996,1,0.36999999999999966,1,0.34999999999999964,1,1.93,0.15000000000000013,1,0.21999999999999997,1,0.2300000000000002,1,0.1,0.3483884336766829,7.5
2013-07-31,0.33,0.019999999999999962,1,-0.010000000000000009,0,-0.010000000000000009,0,2.63,0.11000000000000032,1,0.040000000000000036,1,-0.020000000000000018,0,2.3,0.0900000000000003,1,0.050000000000000266,1,-0.009999999999999787,0,0.09,0.7139490332931153,7.3
2013-09-18,0.39,-0.04999999999999999,0,-0.040000000000000036,0,-0.030000000000000027,0,2.86,-0.10000000000000009,0,-0.13999999999999968,0,-0.22999999999999998,0,2.47,-0.050000000000000266,0,-0.10000000000000009,0,-0.20000000000000018,0,0.08,0.8049931154744394,7.2
2013-10-30,0.31,0.0,0,0.010000000000000009,1,-0.010000000000000009,0,2.53,0.040000000000000036,1,0.10000000000000009,1,0.14000000000000012,1,2.22,0.03999999999999959,1,0.08999999999999986,1,0.1499999999999999,1,0.08,0.3142480584879203,7.2
2013-12-18,0.34,0.009999999999999953,1,0.03999999999999998,1,0.03999999999999998,1,2.85,0.08999999999999986,1,0.08999999999999986,1,0.14000000000000012,1,2.51,0.08000000000000007,1,0.050000000000000266,1,0.10000000000000053,1,0.09,1.260585771170453,6.7
2014-01-29,0.38,-0.020000000000000018,0,-0.08000000000000002,0,-0.06,0,2.77,-0.04999999999999982,0,-0.16000000000000014,0,-0.06999999999999984,0,2.39,-0.029999999999999805,0,-0.08000000000000007,0,-0.009999999999999787,0,0.07,1.4640372930618817,6.6
2014-03-19,0.36,0.09000000000000002,1,0.10999999999999999,1,0.09000000000000002,1,2.68,0.10999999999999988,1,0.06000000000000005,1,0.029999999999999805,1,2.3200000000000003,0.019999999999999574,1,-0.04999999999999982,0,-0.0600000000000005,0,0.08,1.3430656934306562,6.7
2014-04-30,0.44,-0.030000000000000027,0,-0.010000000000000009,0,-0.030000000000000027,0,2.71,-0.08000000000000007,0,-0.08000000000000007,0,-0.08999999999999986,0,2.27,-0.04999999999999982,0,-0.06999999999999984,0,-0.06000000000000005,0,0.09,1.29017887739018,6.2
2014-06-18,0.51,-0.030000000000000027,0,-0.030000000000000027,0,-0.030000000000000027,0,2.66,-0.020000000000000018,0,-0.03000000000000025,0,-0.0900000000000003,0,2.1500000000000004,0.009999999999999787,1,-4.440892098500626e-16,0,-0.0600000000000005,0,0.1,1.5243785012132527,6.1
2014-07-30,0.54,-0.010000000000000009,0,-0.07000000000000006,0,-0.06000000000000005,0,2.47,0.10999999999999988,1,0.03999999999999959,1,0.020000000000000018,1,1.93,0.11999999999999988,1,0.1100000000000001,1,0.07999999999999985,1,0.09,1.4515164459632637,6.2
2014-09-17,0.55,0.039999999999999925,1,0.029999999999999916,1,0.039999999999999925,1,2.6,0.029999999999999805,1,-0.03000000000000025,0,-0.03000000000000025,0,2.05,-0.009999999999999787,0,-0.05999999999999983,0,-0.06999999999999984,0,0.09,0.9303491890789052,5.9
2014-10-29,0.42,0.06,1,0.10000000000000003,1,0.10000000000000003,1,2.3,0.020000000000000018,1,0.06000000000000005,1,0.06000000000000005,1,1.88,-0.039999999999999813,0,-0.039999999999999813,0,-0.039999999999999813,0,0.09,0.7994158278390451,5.7
2014-12-17,0.58,0.09000000000000008,1,0.13,1,0.15000000000000002,1,2.07,0.15000000000000036,1,0.10000000000000009,1,0.20000000000000018,1,1.4899999999999998,0.06000000000000072,1,-0.029999999999999805,0,0.050000000000000266,1,0.13,-0.0913442833702538,5.6
2015-01-28,0.54,-0.030000000000000027,0,-0.050000000000000044,0,-0.020000000000000018,0,1.83,-0.06000000000000005,0,-0.15000000000000013,0,-0.020000000000000018,0,1.29,-0.030000000000000027,0,-0.10000000000000009,0,0.0,0,0.12,-0.916350804919841,5.7
2015-03-18,0.7,-0.06999999999999995,0,-0.09999999999999998,0,-0.10999999999999999,0,2.06,-0.08000000000000007,0,-0.14000000000000012,0,-0.13000000000000012,0,1.36,-0.010000000000000009,0,-0.04000000000000026,0,-0.020000000000000018,0,0.11,-0.6408475018736981,5.4
2015-04-29,0.56,0.019999999999999907,1,0.039999999999999925,1,0.08999999999999997,1,2.0,0.04999999999999982,1,0.16000000000000014,1,0.25,1,1.44,0.029999999999999805,1,0.1200000000000001,1,0.16000000000000014,1,0.13,-0.5213509643729464,5.4
2015-06-17,0.71,-0.04999999999999993,0,-0.029999999999999916,0,-0.029999999999999916,0,2.32,0.03000000000000025,1,0.050000000000000266,1,0.06000000000000005,1,1.61,0.07999999999999985,1,0.07999999999999985,1,0.08999999999999941,1,0.14,0.0956071263109148,5.3
2015-07-29,0.69,0.030000000000000027,1,-0.009999999999999898,0,0.040000000000000036,1,2.26,0.020000000000000018,1,-0.09999999999999964,0,0.020000000000000018,1,1.5699999999999998,-0.010000000000000009,0,-0.08999999999999986,0,-0.020000000000000018,0,0.14,0.4434917272546856,5.2
2015-09-17,0.82,-0.13,0,-0.13,0,-0.1499999999999999,0,2.3,-0.16999999999999993,0,-0.1599999999999997,0,-0.16999999999999993,0,1.48,-0.040000000000000036,0,-0.029999999999999805,0,-0.020000000000000018,0,0.14,1.1718999603828717,5.0
2015-10-28,0.65,0.09999999999999998,1,0.12,1,0.18999999999999995,1,2.05,0.14000000000000012,1,0.15000000000000036,1,0.20000000000000018,1,1.4,0.040000000000000036,1,0.03000000000000025,1,0.010000000000000009,1,0.12,1.015968250461019,5.0
2015-12-16,0.98,0.020000000000000018,1,-0.020000000000000018,0,0.030000000000000027,1,2.28,-0.03999999999999959,0,-0.07999999999999963,0,-0.009999999999999787,0,1.2999999999999998,-0.05999999999999961,0,-0.05999999999999961,0,-0.039999999999999813,0,0.15,0.6515057869292296,5.0
2016-01-27,0.85,-0.020000000000000018,0,-0.039999999999999925,0,-0.13,0,2.01,-0.009999999999999787,0,-0.039999999999999813,0,-0.1299999999999999,0,1.1599999999999997,0.010000000000000231,1,2.220446049250313e-16,1,2.220446049250313e-16,1,0.38,0.2746823853063906,4.8
2016-03-16,0.98,-0.10999999999999999,0,-0.10999999999999999,0,-0.10999999999999999,0,1.97,-0.06000000000000005,0,-0.050000000000000044,0,-0.09000000000000008,0,0.99,0.050000000000000044,1,0.05999999999999983,1,0.019999999999999796,1,0.37,0.019324970382395,5.0
2016-04-27,0.86,-0.07999999999999996,0,-0.05999999999999994,0,-0.10999999999999999,0,1.94,-0.09999999999999987,0,-0.06000000000000005,0,-0.1499999999999999,0,1.08,-0.020000000000000018,0,-2.220446049250313e-16,0,-0.040000000000000036,0,0.37,0.4028853142211464,5.1
2016-06-15,0.74,-0.040000000000000036,0,0.0,0,0.010000000000000009,1,1.62,-0.050000000000000044,0,0.04999999999999982,1,0.06999999999999984,1,0.8800000000000001,-0.010000000000000009,0,0.04999999999999993,1,0.05999999999999983,1,0.37,1.0469728645160714,4.9
2016-07-27,0.75,-0.030000000000000027,0,-0.07999999999999996,0,-0.07999999999999996,0,1.57,-0.050000000000000044,0,-0.06000000000000005,0,-0.020000000000000018,0,0.8200000000000001,-0.020000000000000018,0,0.019999999999999907,1,0.05999999999999994,1,0.4,0.8755677115500182,4.8
2016-09-21,0.79,0.0,0,-0.030000000000000027,0,-0.040000000000000036,0,1.69,-0.06000000000000005,0,-0.09999999999999987,0,-0.11999999999999988,0,0.8999999999999999,-0.06000000000000005,0,-0.06999999999999984,0,-0.07999999999999985,0,0.4,1.4828404557925,5.0
2016-11-02,0.83,-0.019999999999999907,0,-0.010000000000000009,0,0.07000000000000006,1,1.83,-0.010000000000000009,0,0.0,0,0.23999999999999977,1,1.0,0.010000000000000009,1,0.010000000000000231,1,0.16999999999999993,1,0.41,1.9761013921191892,4.7
2016-12-14,1.17,0.1200000000000001,1,0.07000000000000006,1,0.040000000000000036,1,2.48,0.1200000000000001,1,0.06000000000000005,1,0.06999999999999984,1,1.31,0.0,0,-0.010000000000000009,0,0.030000000000000027,1,0.41,1.5251556537457356,4.7
2017-02-01,1.19,0.020000000000000018,1,-0.030000000000000027,0,-0.040000000000000036,0,2.45,0.029999999999999805,1,-0.03000000000000025,0,-0.11000000000000032,0,1.2600000000000002,0.009999999999999787,1,-2.220446049250313e-16,0,-0.07000000000000028,0,0.66,1.8571780411342556,4.6
2017-03-15,1.4,-0.04999999999999982,0,-0.09999999999999987,0,-0.1299999999999999,0,2.6,-0.07000000000000028,0,-0.1299999999999999,0,-0.20000000000000018,0,1.2000000000000002,-0.020000000000000684,0,-0.030000000000000027,0,-0.07000000000000028,0,0.66,1.5789188716415214,4.4
2017-05-03,1.27,0.050000000000000044,1,0.06000000000000005,1,0.08000000000000007,1,2.29,0.06999999999999984,1,0.10000000000000009,1,0.1200000000000001,1,1.02,0.019999999999999796,1,0.040000000000000036,1,0.040000000000000036,1,0.91,1.437984576690443,4.4
2017-06-14,1.38,-0.029999999999999805,0,-0.019999999999999796,0,-0.019999999999999796,0,2.21,-0.04999999999999982,0,-0.020000000000000018,0,-0.04999999999999982,0,0.8300000000000001,-0.020000000000000018,0,-2.220446049250313e-16,0,-0.030000000000000027,0,0.91,1.001898726322792,4.3
2017-07-26,1.4,-0.039999999999999813,0,-0.05999999999999983,0,-0.039999999999999813,0,2.33,-0.010000000000000231,0,-0.03000000000000025,0,-0.06000000000000005,0,0.9300000000000002,0.02999999999999947,1,0.02999999999999947,1,-0.02000000000000013,0,1.16,0.9160172873988736,4.3
2017-09-20,1.4,0.050000000000000044,1,0.040000000000000036,1,0.07000000000000006,1,2.24,0.029999999999999805,1,-0.020000000000000018,0,0.06999999999999984,1,0.8400000000000003,-0.02000000000000024,0,-0.06000000000000005,0,-2.220446049250313e-16,0,1.16,1.1563184986331132,4.3
2017-11-01,1.6,0.010000000000000009,1,0.010000000000000009,1,0.04999999999999982,1,2.38,-0.029999999999999805,0,-0.06000000000000005,0,-0.06000000000000005,0,0.7799999999999998,-0.039999999999999813,0,-0.07000000000000006,0,-0.10999999999999988,0,1.16,1.343409588288802,4.2
2017-12-13,1.83,-0.010000000000000009,0,0.010000000000000009,1,0.040000000000000036,1,2.4,-0.04999999999999982,0,-0.009999999999999787,0,0.0900000000000003,1,0.5699999999999998,-0.039999999999999813,0,-0.019999999999999796,0,0.050000000000000266,1,1.17,1.4791578792184843,4.1
2018-01-31,2.13,0.03000000000000025,1,-0.04999999999999982,0,0.020000000000000018,1,2.73,0.04999999999999982,1,0.040000000000000036,1,0.10999999999999988,1,0.6000000000000001,0.019999999999999574,1,0.08999999999999986,1,0.08999999999999986,1,1.34,1.9897214799757368,4.0
2018-03-21,2.34,-0.04999999999999982,0,-0.009999999999999787,0,-0.06000000000000005,0,2.89,-0.06000000000000005,0,-0.040000000000000036,0,-0.1200000000000001,0,0.5500000000000003,-0.010000000000000231,0,-0.03000000000000025,0,-0.06000000000000005,0,1.44,2.183890633508434,4.0
2018-05-02,2.5,-0.009999999999999787,0,-0.009999999999999787,0,0.040000000000000036,1,2.97,-0.03000000000000025,0,-0.020000000000000018,0,0.029999999999999805,1,0.4700000000000002,-0.020000000000000517,0,-0.010000000000000286,0,-0.010000000000000286,0,1.7,2.2876789989518143,3.8
2018-06-13,2.54,0.04999999999999982,1,0.020000000000000018,1,0.020000000000000018,1,2.96,-0.020000000000000018,0,-0.040000000000000036,0,-0.029999999999999805,0,0.4199999999999999,-0.06999999999999978,0,-0.06,0,-0.04999999999999977,0,1.7,1.780834137519971,4.0
2018-08-01,2.67,-0.009999999999999787,0,-0.029999999999999805,0,0.010000000000000231,1,2.96,0.020000000000000018,1,-0.020000000000000018,0,0.0,0,0.29,0.029999999999999805,1,0.009999999999999842,1,-0.010000000000000175,0,1.91,1.7708383882499623,3.8
2018-09-26,2.83,0.0,0,-0.010000000000000231,0,0.020000000000000018,1,3.1,-0.040000000000000036,0,-0.010000000000000231,0,0.04999999999999982,1,0.27,-0.04000000000000012,0,0.0,0,0.029999999999999805,1,1.93,1.3352942831081016,3.7
2018-11-08,2.96,-0.020000000000000018,0,-0.06999999999999984,0,-0.10000000000000009,0,3.22,-0.03000000000000025,0,-0.08000000000000007,0,-0.11000000000000032,0,0.2600000000000002,-0.010000000000000175,0,-0.010000000000000175,0,-0.010000000000000175,0,2.2,1.2088453663598786,3.8
2018-12-19,2.65,0.020000000000000018,1,-0.10000000000000009,0,-0.040000000000000036,0,2.82,-0.029999999999999805,0,-0.07999999999999963,0,-0.009999999999999787,0,0.1699999999999999,-0.049999999999999795,0,0.02000000000000049,1,0.030000000000000193,1,2.2,1.0150783088955118,3.9
2019-01-30,2.56,-0.10999999999999988,0,-0.03000000000000025,0,-0.040000000000000036,0,2.72,-0.0900000000000003,0,0.009999999999999787,1,-0.020000000000000018,0,0.1600000000000001,0.0199999999999996,1,0.04000000000000001,1,0.020000000000000018,1,2.4,0.7053654024051781,4.0
2019-03-20,2.46,-0.04999999999999982,0,-0.20000000000000018,0,-0.23999999999999977,0,2.61,-0.06999999999999984,0,-0.17999999999999972,0,-0.21999999999999975,0,0.1499999999999999,-0.020000000000000018,0,0.02000000000000038,1,0.01999999999999999,1,2.41,1.2192791803004477,3.8
2019-05-01,2.27,0.08000000000000007,1,0.040000000000000036,1,0.029999999999999805,1,2.51,0.040000000000000036,1,0.0,0,-0.019999999999999574,0,0.2399999999999997,-0.04000000000000001,0,-0.04000000000000001,0,-0.04999999999999932,0,2.45,1.4435971914822598,3.6
2019-06-19,1.86,-0.14000000000000012,0,-0.14000000000000012,0,-0.09000000000000008,0,2.06,-0.050000000000000266,0,-0.040000000000000036,0,-0.010000000000000231,0,0.1999999999999999,0.08999999999999991,1,0.10000000000000009,1,0.0799999999999999,1,2.37,0.9656924026395286,3.6
2019-07-31,1.85,-0.1200000000000001,0,-0.26,0,-0.26,0,2.06,-0.16000000000000014,0,-0.31000000000000005,0,-0.3500000000000001,0,0.2099999999999999,-0.04000000000000001,0,-0.05000000000000002,0,-0.09000000000000011,0,2.4,1.2700222491428992,3.7
2019-09-18,1.72,0.020000000000000018,1,-0.040000000000000036,0,-0.040000000000000036,0,1.81,-0.020000000000000018,0,-0.09000000000000008,0,-0.08000000000000007,0,0.09,-0.039999999999999994,0,-0.049999999999999996,0,-0.039999999999999994,0,2.25,1.5319071432247977,3.5
2019-10-11,1.53,0.09999999999999987,1,0.050000000000000044,1,0.050000000000000044,1,1.67,0.09000000000000008,1,0.08000000000000007,1,0.09000000000000008,1,0.1399999999999999,-0.009999999999999815,0,0.03,1,0.04000000000000001,1,1.82,1.5142962036009957,3.6
2019-10-30,1.64,-0.11999999999999988,0,-0.039999999999999813,0,-0.029999999999999805,0,1.84,-0.15000000000000013,0,-0.050000000000000044,0,-0.030000000000000027,0,0.2000000000000001,-0.030000000000000193,0,-0.010000000000000203,0,-1.942890293094024e-16,0,1.82,1.5142962036009957,3.6
2019-12-11,1.65,0.010000000000000009,1,0.0,0,-0.020000000000000018,0,1.85,0.04999999999999982,1,0.039999999999999813,1,0.06999999999999984,1,0.2000000000000001,0.0399999999999999,1,0.0399999999999999,1,0.08999999999999989,1,1.55,1.3309407482574809,3.6
2020-01-29,1.45,-0.040000000000000036,0,-0.08999999999999986,0,-0.010000000000000009,0,1.65,-0.07999999999999985,0,-0.10999999999999988,0,0.010000000000000009,1,0.1999999999999999,-0.039999999999999813,0,-0.01999999999999999,0,0.01999999999999999,1,1.55,1.5006110554023566,3.6
2020-03-03,0.84,-0.16999999999999993,0,-0.35,0,-0.33999999999999997,0,1.1,-0.08000000000000007,0,-0.3600000000000001,0,-0.3400000000000001,0,0.2600000000000001,0.08999999999999986,1,-0.01000000000000012,0,-1.1102230246251565e-16,0,1.59,1.1218080583669463,4.4
2020-03-15,0.49,-0.020000000000000018,0,-0.04999999999999999,0,-0.20999999999999996,0,0.94,0.08000000000000007,1,0.18000000000000016,1,-0.17999999999999994,0,0.4499999999999999,0.10000000000000014,1,0.23000000000000026,1,0.030000000000000082,1,0.25,0.8889688118153938,4.4
2020-03-23,0.37,0.010000000000000009,1,-0.07,0,-0.13999999999999999,0,0.92,-0.08000000000000007,0,-0.09000000000000008,0,-0.22000000000000008,0,0.55,-0.09000000000000014,0,-0.020000000000000018,0,-0.08000000000000007,0,0.15,0.8889688118153938,4.4
2020-04-29,0.2,0.0,0,-0.010000000000000009,0,-0.03,0,0.62,0.020000000000000018,1,0.020000000000000018,1,0.09999999999999998,1,0.42,0.020000000000000018,1,0.030000000000000027,1,0.12999999999999995,1,0.04,-0.0015622803043346,14.8
2020-06-10,0.2,-0.010000000000000009,0,-0.010000000000000009,0,-0.010000000000000009,0,0.84,-0.17999999999999994,0,-0.13,0,-0.09999999999999998,0,0.6399999999999999,-0.16999999999999993,0,-0.11999999999999988,0,-0.08999999999999986,0,0.08,-0.0439423693881169,11.0
2020-07-29,0.14,-0.030000000000000013,0,-0.030000000000000013,0,-0.030000000000000013,0,0.59,-0.039999999999999925,0,-0.029999999999999916,0,-0.039999999999999925,0,0.4499999999999999,-0.009999999999999898,0,1.1102230246251565e-16,1,-0.009999999999999898,0,0.1,0.1834193555892316,10.2
2020-09-16,0.14,-0.010000000000000009,0,0.0,0,0.0,0,0.68,0.009999999999999898,1,0.0,0,0.0,0,0.54,0.019999999999999907,1,0.0,0,0.0,0,0.09,0.3357427053143791,7.8
2020-11-05,0.14,0.01999999999999999,1,0.04999999999999999,1,0.03,1,0.78,0.04999999999999993,1,0.19999999999999996,1,0.09999999999999998,1,0.64,0.029999999999999916,1,0.15000000000000002,1,0.06999999999999995,1,0.09,0.6406943105110807,6.7
2020-12-16,0.11,0.020000000000000004,1,0.020000000000000004,1,0.020000000000000004,1,0.92,0.019999999999999907,1,0.029999999999999916,1,0.039999999999999925,1,0.81,-1.1102230246251565e-16,0,0.009999999999999898,1,0.019999999999999907,1,0.09,2.3485345581802486,6.7
2021-01-27,0.11,0.009999999999999995,1,0.0,0,0.0,0,1.05,0.020000000000000018,1,0.040000000000000036,1,0.09999999999999987,1,0.94,0.010000000000000009,1,0.040000000000000036,1,0.09999999999999987,1,0.08,2.691534858992517,6.4
2021-03-17,0.15,0.010000000000000009,1,0.0,0,-0.009999999999999981,0,1.62,0.08999999999999986,1,0.06999999999999984,1,0.0,0,1.4700000000000002,0.07999999999999985,1,0.06999999999999984,1,0.009999999999999787,1,0.07,2.5581377345637035,6.1
2021-04-28,0.17,-0.010000000000000009,0,-0.010000000000000009,0,-0.010000000000000009,0,1.63,0.020000000000000018,1,0.0,0,-0.039999999999999813,0,1.46,0.030000000000000027,1,0.010000000000000009,1,-0.029999999999999805,0,0.07,2.814326921593735,6.1
2021-06-16,0.16,0.07,1,0.11000000000000001,1,0.1,1,1.51,0.010000000000000009,1,-0.010000000000000009,0,-0.010000000000000009,0,1.35,-0.06000000000000005,0,-0.1200000000000001,0,-0.1100000000000001,0,0.06,3.970128957164088,5.9
2021-07-28,0.2,0.0,0,-0.03,0,-0.03,0,1.25,0.030000000000000027,1,-0.050000000000000044,0,-0.06000000000000005,0,1.05,0.030000000000000027,1,-0.020000000000000018,0,-0.030000000000000027,0,0.1,4.21293084615062,5.4
2021-09-22,0.22,0.05000000000000002,1,0.09,1,0.07999999999999999,1,1.33,0.07999999999999985,1,0.1499999999999999,1,0.21999999999999997,1,1.11,0.029999999999999805,1,0.05999999999999983,1,0.1399999999999999,1,0.08,4.272385005729262,4.7
2021-11-03,0.46,-0.050000000000000044,0,-0.010000000000000009,0,0.04999999999999999,1,1.56,-0.030000000000000027,0,-0.050000000000000044,0,0.0,0,1.1,0.020000000000000018,1,-0.040000000000000036,0,-0.050000000000000044,0,0.08,5.819887016795722,4.1
2021-12-15,0.67,-0.030000000000000027,0,-0.020000000000000018,0,0.010000000000000009,1,1.44,0.0,0,-0.010000000000000009,0,0.020000000000000018,1,0.7699999999999999,0.030000000000000027,1,0.010000000000000009,1,0.010000000000000009,1,0.08,5.337679191640365,3.9
2022-01-26,1.02,0.15999999999999992,1,0.15999999999999992,1,0.1399999999999999,1,1.78,0.030000000000000027,1,0.010000000000000009,1,0.0,0,0.76,-0.1299999999999999,0,-0.1499999999999999,0,-0.1399999999999999,0,0.08,5.276042074199938,4.0
2022-03-16,1.85,0.08999999999999986,1,0.29000000000000004,1,0.2799999999999998,1,2.15,0.050000000000000266,1,0.16999999999999993,1,0.16999999999999993,1,0.2999999999999998,-0.03999999999999965,0,-0.12000000000000013,0,-0.10999999999999993,0,0.08,5.800230229162584,3.7
2022-05-04,2.78,-0.06999999999999984,0,-0.16999999999999993,0,-0.11999999999999966,0,2.97,0.07999999999999963,1,0.07999999999999963,1,-0.06000000000000005,0,0.1900000000000004,0.1499999999999994,1,0.2499999999999995,1,0.05999999999999961,1,0.33,6.829350584576566,3.6
2022-06-15,3.45,-0.31000000000000005,0,-0.28000000000000025,0,-0.3900000000000001,0,3.49,-0.2100000000000004,0,-0.2400000000000002,0,-0.33000000000000007,0,0.04,0.09999999999999959,1,0.04,1,0.060000000000000005,1,0.83,6.655939251491594,3.6
2022-07-27,3.02,-0.16999999999999993,0,-0.1200000000000001,0,0.08000000000000007,1,2.81,-0.1299999999999999,0,-0.20999999999999996,0,-0.08000000000000007,0,-0.2099999999999999,0.04000000000000001,1,-0.08999999999999991,0,-0.1600000000000002,0,1.58,5.734281278794207,3.5
2022-09-21,3.96,0.15000000000000036,1,0.3099999999999996,1,0.11000000000000032,1,3.57,0.13000000000000034,1,0.31000000000000005,1,0.15000000000000036,1,-0.3900000000000001,-0.019999999999999962,0,4.440892098500626e-16,1,0.040000000000000036,1,2.33,4.8863358851573,3.5
2022-11-02,4.54,0.16999999999999993,1,0.17999999999999972,1,0.07000000000000028,1,4.07,0.0699999999999994,1,0.14999999999999947,1,0.04999999999999982,1,-0.4699999999999997,-0.10000000000000059,0,-0.030000000000000304,0,-0.020000000000000517,0,3.08,5.021441124780313,3.6
2022-12-14,4.22,0.010000000000000675,1,0.03000000000000025,1,-0.009999999999999787,0,3.51,-0.06999999999999984,0,0.06000000000000005,1,0.17000000000000037,1,-0.71,-0.08000000000000052,0,0.029999999999999805,1,0.18000000000000016,1,3.83,3.5593860570208857,3.5
2023-02-01,4.21,-0.1200000000000001,0,0.23000000000000043,1,0.2400000000000002,1,3.52,-0.1200000000000001,0,0.10999999999999988,1,0.10999999999999988,1,-0.69,0.0,0,-0.12000000000000055,0,-0.13000000000000034,0,4.33,3.4850908691443028,3.6
2023-03-22,4.17,-0.41000000000000014,0,-0.22999999999999998,0,-0.08999999999999986,0,3.59,-0.20999999999999996,0,-0.06000000000000005,0,-0.020000000000000018,0,-0.5800000000000001,0.20000000000000018,1,0.16999999999999998,1,0.06999999999999984,1,4.58,2.3423857205345344,3.5
2023-05-03,3.97,-0.2200000000000002,0,0.029999999999999805,1,-0.07000000000000028,0,3.44,-0.06999999999999984,0,0.08000000000000007,1,-0.009999999999999787,0,-0.5300000000000002,0.15000000000000036,1,0.050000000000000266,1,0.06000000000000055,1,4.83,2.791285577284764,3.6
2023-06-14,4.67,-0.04999999999999982,0,0.03000000000000025,1,0.009999999999999787,1,3.84,-0.11999999999999966,0,-0.06999999999999984,0,-0.11999999999999966,0,-0.8300000000000001,-0.06999999999999984,0,-0.10000000000000009,0,-0.12999999999999956,0,5.08,2.0157244628481896,3.6
2023-07-26,4.85,0.0600000000000005,1,0.03000000000000025,1,0.03000000000000025,1,3.91,0.09999999999999964,1,0.06000000000000005,1,0.16999999999999993,1,-0.9399999999999996,0.03999999999999926,1,0.030000000000000027,1,0.1399999999999998,1,5.08,1.948886494012436,3.5
2023-09-20,5.08,0.040000000000000036,1,0.009999999999999787,1,0.019999999999999574,1,4.37,0.1200000000000001,1,0.17999999999999972,1,0.2400000000000002,1,-0.71,0.08000000000000007,1,0.16999999999999993,1,0.22000000000000064,1,5.33,2.282138339657802,3.7
2023-11-01,5.07,-0.08999999999999986,0,-0.14000000000000057,0,-0.14000000000000057,0,4.88,-0.20999999999999996,0,-0.20999999999999996,0,-0.3899999999999997,0,-0.1900000000000004,-0.1200000000000001,0,-0.0699999999999994,0,-0.2499999999999991,0,5.33,2.221927351136177,3.7
2023-12-13,4.73,-0.3600000000000003,0,-0.3000000000000007,0,-0.39000000000000057,0,4.2,-0.28000000000000025,0,-0.25,0,-0.3400000000000003,0,-0.5300000000000002,0.08000000000000007,1,0.050000000000000766,1,0.050000000000000266,1,5.33,1.9468705113176556,3.8
2024-01-31,4.36,-0.16000000000000014,0,0.09999999999999964,1,0.04999999999999982,1,4.06,-0.1899999999999995,0,0.11000000000000032,1,0.03000000000000025,1,-0.3000000000000007,-0.029999999999999305,0,0.01000000000000073,1,-0.019999999999999574,0,5.33,2.0980173669947977,3.7
2024-03-20,4.68,-0.05999999999999961,0,-0.13999999999999968,0,-0.13999999999999968,0,4.3,-0.03000000000000025,0,-0.04999999999999982,0,-0.09999999999999964,0,-0.3799999999999999,0.029999999999999416,1,0.08999999999999991,1,0.04000000000000009,1,5.33,2.539649189616866,3.9
2024-05-01,5.04,-0.16999999999999993,0,-0.21999999999999975,0,-0.20000000000000018,0,4.69,-0.11000000000000032,0,-0.20000000000000018,0,-0.20999999999999996,0,-0.3499999999999996,0.05999999999999961,1,0.019999999999999574,1,-0.009999999999999787,0,5.33,2.317352866225386,3.9
2024-06-12,4.81,-0.1299999999999999,0,-0.05999999999999961,0,-0.11999999999999922,0,4.39,-0.14999999999999947,0,-0.10999999999999943,0,-0.16999999999999993,0,-0.4199999999999999,-0.01999999999999963,0,-0.04999999999999982,0,-0.05000000000000071,0,5.33,1.738079143050264,4.1
2024-07-31,4.35,-0.1899999999999995,0,-0.4599999999999995,0,-0.34999999999999964,0,4.15,-0.16000000000000014,0,-0.37000000000000055,0,-0.1900000000000004,0,-0.1999999999999993,0.02999999999999939,1,0.08999999999999898,1,0.15999999999999928,1,5.33,1.7592195957786494,4.2
2024-09-18,3.59,0.0,0,-0.020000000000000018,0,-0.06000000000000005,0,3.65,0.08000000000000007,1,0.10000000000000009,1,0.14000000000000012,1,0.06,0.0800000000000001,1,0.1200000000000001,1,0.20000000000000018,1,5.33,1.6254544750047062,4.1
2024-11-07,4.27,-0.009999999999999787,0,0.07000000000000028,1,0.07000000000000028,1,4.42,-0.1200000000000001,0,0.009999999999999787,1,0.009999999999999787,1,0.1500000000000003,-0.11000000000000029,0,-0.0600000000000005,0,-0.0600000000000005,0,4.83,1.78829264841609,4.2
2024-12-18,4.25,0.07000000000000028,1,0.04999999999999982,1,0.040000000000000036,1,4.4,0.16999999999999993,1,0.1899999999999995,1,0.1899999999999995,1,0.1500000000000003,0.0999999999999997,1,0.13999999999999968,1,0.14999999999999952,1,4.58,1.4634707353772702,4.1
