year,fomc_date,doc_type,word_count,hawk_hits,dove_hits,hawk_net,hawk_score_norm,hawk_ratio,tone_word_count,tfidf_cos_prev,tfidf_pc1,tfidf_pc2,hawk_score_delta,hawk_ratio_delta
1994,1994-02-04,statement,120,1,1,0,0.0,0.5,2,,0.2433545078232067,0.1910500564713404,,
1994,1994-05-17,statement,185,0,1,-1,-0.5405405405405406,0.0,1,0.3361979951147966,0.2374912987492129,0.4971550857030156,-0.5405405405405406,-0.5
1994,1994-08-16,statement,200,1,0,1,0.5,1.0,1,0.7380765376209046,0.2483149661015534,0.4706256566943005,1.0405405405405406,1.0
1994,1994-11-15,statement,163,0,0,0,0.0,0.0,0,0.7953816108535467,0.2172032054560949,0.4678228072019306,-0.5,-1.0
1995,1995-02-01,statement,164,0,0,0,0.0,0.0,0,0.8136718028152864,0.2192748038617949,0.5305287801908021,0.0,0.0
1995,1995-07-06,statement,90,2,0,2,2.2222222222222223,1.0,2,0.3236575946426844,0.188586591975713,0.2835340744498684,2.2222222222222223,1.0
1995,1995-12-19,statement,105,0,1,-1,-1.9047619047619049,0.0,1,0.7130721230049867,0.225749770273752,0.2778435409048219,-4.126984126984127,-1.0
1996,1996-01-31,statement,156,1,1,0,0.0,0.5,2,0.3254485646630072,0.2388460602541535,0.4684516767566479,1.9047619047619049,0.5
2003,2003-01-29,statement,140,0,1,-1,-0.7142857142857143,0.0,1,0.13276231895863,0.2404993926147584,0.2833777556860508,-0.7142857142857143,-0.5
2003,2003-03-18,statement,197,0,1,-1,-0.5076142131979695,0.0,1,0.6514909295486362,0.2587803343622045,0.2374237243989158,0.2066715010877448,0.0
2003,2003-05-06,statement,187,0,3,-3,-1.6042780748663104,0.0,3,0.4706548900760117,0.2566085103132389,0.3045618468759479,-1.0966638616683408,0.0
2003,2003-06-25,statement,275,1,3,-2,-0.7272727272727273,0.25,4,0.4999670904298056,0.3075063274674691,0.6041811731481227,0.8770053475935831,0.25
2003,2003-08-12,statement,184,0,4,-4,-2.1739130434782608,0.0,4,0.5778430283079717,0.2762996060211153,0.3804547178235649,-1.4466403162055337,-0.25
2003,2003-09-16,statement,182,0,4,-4,-2.197802197802198,0.0,4,0.9339498411278224,0.2716476235392178,0.3831431014778814,-0.0238891543239372,0.0
2003,2003-10-28,statement,183,0,4,-4,-2.185792349726776,0.0,4,0.9315454572385884,0.2686136579451696,0.3817651314245665,0.0120098480754218,0.0
2003,2003-12-09,statement,172,0,5,-5,-2.9069767441860463,0.0,5,0.839731966567082,0.2646472662823939,0.3871140911017582,-0.7211843944592702,0.0
2004,2004-01-28,statement,176,0,6,-6,-3.4090909090909087,0.0,6,0.7861511968500197,0.2688287051670628,0.3825633456822466,-0.5021141649048624,0.0
2004,2004-03-16,statement,175,0,6,-6,-3.428571428571429,0.0,6,0.8855997133831423,0.258184860034875,0.3839983879166223,-0.01948051948052,0.0
2004,2004-05-04,statement,173,0,5,-5,-2.8901734104046244,0.0,5,0.7752164639918795,0.2751966686438098,0.3958533629555172,0.5383980181668044,0.0
2004,2004-06-30,statement,254,1,4,-3,-1.1811023622047243,0.2,5,0.5558783204923156,0.2951549797266165,0.7030381533803667,1.7090710481999,0.2
2004,2004-08-10,statement,272,1,4,-3,-1.1029411764705883,0.2,5,0.8819145702997316,0.3079647837831405,0.7212405336931782,0.078161185734136,0.0
2004,2004-09-21,statement,253,0,4,-4,-1.5810276679841897,0.0,4,0.9107161777619304,0.3075073514621939,0.7184058264433496,-0.4780864915136014,-0.2
2004,2004-11-10,statement,234,0,4,-4,-1.7094017094017095,0.0,4,0.9055071475756876,0.3127140863754131,0.7181345229164677,-0.1283740414175198,0.0
2004,2004-12-14,statement,180,0,4,-4,-2.2222222222222223,0.0,4,0.7783546262225343,0.3016049947055516,0.4986408083916354,-0.5128205128205128,0.0
2005,2005-02-02,statement,237,0,4,-4,-1.6877637130801686,0.0,4,0.7119432877673474,0.3115848830235246,0.7278801422932328,0.5344585091420537,0.0
2005,2005-03-22,statement,264,0,4,-4,-1.5151515151515151,0.0,4,0.9081127294214658,0.3279617807380874,0.6971067532371048,0.1726121979286534,0.0
2005,2005-05-03,statement,260,0,4,-4,-1.5384615384615383,0.0,4,0.9266134344073526,0.3299448749932051,0.7097594234337042,-0.0233100233100234,0.0
2005,2005-06-30,statement,238,1,4,-3,-1.2605042016806722,0.2,5,0.9365870126855054,0.3151147632887052,0.7022873973982466,0.2779573367808663,0.2
2005,2005-08-09,statement,251,1,4,-3,-1.195219123505976,0.2,5,0.932520336224452,0.3288112841212488,0.7174179904689074,0.065285078174696,0.0
2006,2006-01-31,statement,185,1,0,1,0.5405405405405406,1.0,1,0.6435785630259794,0.3058978727242551,0.6357053125834808,1.7357596640465167,0.8
2006,2006-03-28,statement,244,1,2,-1,-0.4098360655737705,0.3333333333333333,3,0.8103066003058305,0.2959843728536011,0.6273570378180826,-0.9503766061143112,-0.6666666666666667
2006,2006-05-10,statement,291,2,2,0,0.0,0.5,4,0.8372627423153803,0.2806081747914044,0.6104630603776886,0.4098360655737705,0.1666666666666666
2006,2006-06-29,statement,254,2,1,1,0.3937007874015747,0.6666666666666666,3,0.7922581010270087,0.335760411566696,0.5812564716978742,0.3937007874015747,0.1666666666666666
2006,2006-08-08,statement,165,2,1,1,0.6060606060606061,0.6666666666666666,3,0.607999928158939,0.3310431594967089,0.2501987722286398,0.2123598186590313,0.0
2006,2006-09-20,statement,151,2,0,2,1.3245033112582782,1.0,2,0.9007190565444693,0.3181185256033787,0.2570050085349231,0.7184427051976722,0.3333333333333333
2006,2006-10-25,statement,155,2,0,2,1.2903225806451613,1.0,2,0.8829522043228412,0.3245253118648205,0.2525248914859214,-0.0341807306131169,0.0
2006,2006-12-12,statement,165,2,0,2,1.2121212121212122,1.0,2,0.9503160784248056,0.3343081789960571,0.2468918476207526,-0.0782013685239491,0.0
2007,2007-01-31,statement,138,1,0,1,0.7246376811594203,1.0,1,0.7626882288533272,0.3099118095734247,0.2359141428817989,-0.4874835309617918,0.0
2007,2007-03-21,statement,130,1,0,1,0.7692307692307693,1.0,1,0.6984089886930153,0.3011484942165228,0.2122039550603971,0.0445930880713489,0.0
2007,2007-05-09,statement,129,1,0,1,0.7751937984496124,1.0,1,0.8866708364118905,0.3099423742411176,0.2263251777294863,0.0059630292188431,0.0
2007,2007-06-18,statement,143,0,0,0,0.0,0.0,0,0.826774939818489,0.3037476807152455,0.2304150404186504,-0.7751937984496124,-1.0
2007,2007-08-07,statement,173,0,2,-2,-1.1560693641618496,0.0,2,0.8225392454758921,0.3365017247441732,0.238730177752822,-1.1560693641618496,0.0
2007,2007-08-17,statement,132,0,2,-2,-1.5151515151515151,0.0,2,0.3837098023114648,0.2173757630862249,0.1399521793305224,-0.3590821509896655,0.0
2007,2007-09-18,statement,223,2,0,2,0.8968609865470852,1.0,2,0.2997856685911103,0.3024438256315536,0.5135264032301298,2.4120125016986003,1.0
2007,2007-10-31,statement,254,3,2,1,0.3937007874015747,0.6,5,0.7175551653039447,0.3496873138391584,0.5427485569463472,-0.5031601991455105,-0.4
2007,2007-12-11,statement,225,2,2,0,0.0,0.5,4,0.8333744301780316,0.3408511212326976,0.54209260359685,-0.3937007874015747,-0.0999999999999999
2008,2008-01-22,statement,195,0,3,-3,-2.564102564102564,0.0,3,0.5262733391747242,0.3145858320398165,0.4210557469878211,-2.564102564102564,-0.5
2008,2008-01-30,statement,200,0,3,-3,-1.5,0.0,3,0.751433479546097,0.2891499722322644,0.5267255023387812,1.064102564102564,0.0
2008,2008-03-11,statement,435,0,0,0,0.0,0.0,0,0.096347744162497,0.1486512336765288,0.0865167223467719,1.5,0.0
2008,2008-03-18,statement,244,2,3,-1,-0.4098360655737705,0.4,5,0.1052108937671365,0.3615447201725889,0.5005572646775643,-0.4098360655737705,0.4
2008,2008-04-30,statement,253,0,1,-1,-0.7905138339920948,0.0,1,0.8136205434213407,0.3635323078823083,0.5017032934256442,-0.3806777684183243,-0.4
2008,2008-06-25,statement,198,3,3,0,0.0,0.5,6,0.568959335462747,0.3968808517634748,0.2811408333716491,0.7905138339920948,0.5
2008,2008-08-05,statement,190,3,3,0,0.5263157894736842,0.5,6,0.8401066352924511,0.3891211348354609,0.2708313277198833,0.5263157894736842,0.0
2008,2008-09-16,statement,181,2,5,-3,-1.6574585635359116,0.2857142857142857,7,0.8596547455900088,0.3557954032310784,0.2771027398942435,-2.183774353009596,-0.2142857142857143
2008,2008-10-08,statement,413,3,3,0,0.7263922518159807,0.5,6,0.1875503203558908,0.2019272837962032,0.2467809048364964,2.3838508153518925,0.2142857142857143
2008,2008-10-29,statement,254,0,4,-4,-1.574803149606299,0.0,4,0.4498625768792234,0.3272895753959614,0.4733189929804908,-2.30119540142228,-0.5
2008,2008-12-16,statement,177,1,0,1,0.5649717514124294,1.0,1,0.3731341232707526,0.3726232764555461,0.1636937342234733,2.1397749010187286,1.0
2009,2009-01-28,statement,251,0,6,-6,-2.3904382470119523,0.0,6,0.5936372751177312,0.4168976679099662,0.174771774328484,-2.955409998424382,-1.0
2009,2009-03-18,statement,386,0,3,-3,-0.7772020725388601,0.0,3,0.4775061246934138,0.4229265146076479,0.1086807429673478,1.613236174473092,0.0
2009,2009-04-29,statement,392,0,4,-4,-1.020408163265306,0.0,4,0.7611024181978774,0.4283477396753267,0.1404920574954371,-0.243206090726446,0.0
2009,2009-06-24,statement,345,0,3,-3,-0.8695652173913043,0.0,3,0.8224747884576059,0.3815978188847362,0.134054550053874,0.1508429458740018,0.0
2009,2009-08-12,statement,387,0,2,-2,-0.516795865633075,0.0,2,0.9442569087591784,0.3951013478360776,0.1318285755058219,0.3527693517582293,0.0
2009,2009-09-23,statement,392,0,2,-2,-0.5102040816326531,0.0,2,0.8841035407799476,0.4057817907932183,0.1195665433763167,0.0065917840004219,0.0
2009,2009-11-04,statement,430,0,3,-3,-0.6976744186046512,0.0,3,0.9074133781084788,0.4329228704395975,0.1103435993724646,-0.1874703369719981,0.0
2009,2009-12-16,statement,535,0,4,-4,-0.7476635514018692,0.0,4,0.6906928313950388,0.3893004037439233,0.1328427828348244,-0.049989132797218,0.0
2010,2010-01-27,statement,480,0,4,-4,-0.8333333333333334,0.0,4,0.8486746739806387,0.3762340052639307,0.1253371147844375,-0.0856697819314641,0.0
2010,2010-03-16,statement,361,0,3,-3,-0.8310249307479225,0.0,3,0.8010581612968495,0.4008405117130912,0.1245666058520398,0.0023084025854108,0.0
2010,2010-04-28,statement,314,0,3,-3,-0.9554140127388536,0.0,3,0.898658414777036,0.3849169052917705,0.130096517593025,-0.124389081990931,0.0
2010,2010-05-09,statement,312,0,0,0,0.0,0.0,0,0.0826281310357274,0.0506166177886087,0.0602995066671065,0.9554140127388536,0.0
2010,2010-06-23,statement,265,0,3,-3,-1.1320754716981132,0.0,3,0.0560821981957964,0.3834391995408192,0.1461820232999887,-1.1320754716981132,0.0
2010,2010-08-10,statement,428,0,3,-3,-0.7009345794392523,0.0,3,0.8027867125842876,0.4579215630598785,0.108043811469222,0.4311408922588609,0.0
2010,2010-09-21,statement,399,0,4,-4,-1.0025062656641603,0.0,4,0.8169107920041541,0.4362896273274344,0.0970553912651811,-0.301571686224908,0.0
2010,2010-11-03,statement,459,1,3,-2,-0.4357298474945534,0.25,4,0.7614527272484017,0.5042982870553324,0.0766334447087266,0.5667764181696069,0.25
2010,2010-12-14,statement,458,1,3,-2,-0.4366812227074235,0.25,4,0.9497466942857646,0.5097465545683169,0.0658401061520821,-0.0009513752128701,0.0
2011,2011-01-26,statement,399,1,2,-1,-0.2506265664160401,0.3333333333333333,3,0.9156861865278798,0.4992983628880308,0.0644931305687614,0.1860546562913834,0.0833333333333333
2011,2011-03-15,statement,428,1,2,-1,-0.233644859813084,0.3333333333333333,3,0.8284622392793687,0.514614373560933,0.0572956356155589,0.016981706602956,0.0
2011,2011-04-27,statement,429,1,2,-1,-0.2331002331002331,0.3333333333333333,3,0.9195845666130272,0.5198315930405446,0.0600948414122284,0.0005446267128509,0.0
2011,2011-06-22,statement,421,1,1,0,0.0,0.5,2,0.7027568320681528,0.5099215569103818,0.042945264387413,0.2331002331002331,0.1666666666666666
2011,2011-08-09,statement,497,0,2,-2,-0.4024144869215292,0.0,2,0.8264881243812313,0.5209984274633843,0.0643184039296283,-0.4024144869215292,-0.5
2011,2011-09-21,statement,547,1,3,-2,-0.3656307129798903,0.25,4,0.6986557282186838,0.5349315705642257,0.0300246994430844,0.0367837739416389,0.25
2011,2011-11-02,statement,443,1,2,-1,-0.2257336343115124,0.3333333333333333,3,0.8272845089719307,0.5545496592341359,0.0467238196086479,0.1398970786683779,0.0833333333333333
2011,2011-12-13,statement,387,1,3,-2,-0.516795865633075,0.25,4,0.8906810399527751,0.5510249553257762,0.0163198848150969,-0.2910622313215626,-0.0833333333333333
2012,2012-01-25,statement,358,1,4,-3,-0.8379888268156425,0.2,5,0.8805529269870395,0.5497892982200607,0.0208997751040655,-0.3211929611825674,-0.0499999999999999
2012,2012-03-13,statement,373,1,3,-2,-0.5361930294906166,0.25,4,0.9025507093815756,0.5481258186823795,0.0134568021360942,0.3017957973250258,0.0499999999999999
2012,2012-04-25,statement,382,1,3,-2,-0.5235602094240838,0.25,4,0.9465187245522444,0.544225040617531,0.0222050545849589,0.0126328200665328,0.0
2012,2012-06-20,statement,454,1,3,-2,-0.6607929515418502,0.25,4,0.7932889751433787,0.5308112152384343,0.0212556551683583,-0.1372327421177664,0.0
2012,2012-08-01,statement,390,1,4,-3,-0.7692307692307693,0.2,5,0.8442058427713153,0.5523717475276255,0.0312111837232903,-0.108437817688919,-0.0499999999999999
2012,2012-09-13,statement,491,1,4,-3,-1.0183299389002036,0.2,5,0.6205021250843243,0.5903928354267812,-0.0283699872792061,-0.2490991696694343,0.0
2012,2012-10-24,statement,468,1,4,-3,-0.8547008547008548,0.2,5,0.9571514076328732,0.5955113602661624,-0.0349646093694633,0.1636290841993488,0.0
2012,2012-12-12,statement,620,1,4,-3,-0.967741935483871,0.2,5,0.8218926508877127,0.6453327295658746,-0.0853085627151424,-0.1130410807830162,0.0
2013,2013-01-30,statement,574,1,4,-3,-1.0452961672473868,0.2,5,0.9062716822651448,0.6488741625889085,-0.0778707710735631,-0.0775542317635158,0.0
2013,2013-03-20,statement,572,2,5,-3,-1.048951048951049,0.2857142857142857,7,0.939428227416356,0.6618527545191188,-0.080541932731052,-0.0036548817036621,0.0857142857142856
2013,2013-05-01,statement,598,1,4,-3,-1.1705685618729096,0.2,5,0.9677706316129904,0.6676300417323996,-0.0807385526562957,-0.1216175129218606,-0.0857142857142856
2013,2013-06-19,statement,602,1,4,-3,-1.162790697674419,0.2,5,0.9741647524813568,0.6633448707578179,-0.0821000732172204,0.0077778641984909,0.0
2013,2013-07-31,statement,629,1,4,-3,-1.1128775834658189,0.2,5,0.9567100413439,0.6600832735521974,-0.0808786959354308,0.0499131142086,0.0
2013,2013-09-18,statement,733,2,4,-2,-0.6821282401091405,0.3333333333333333,6,0.9005799627890879,0.6690401854061286,-0.0784112346072261,0.4307493433566781,0.1333333333333333
2013,2013-10-30,statement,711,1,4,-3,-0.8438818565400843,0.2,5,0.9765141739005134,0.6677936143514006,-0.0768057725396938,-0.1617536164309437,-0.1333333333333333
2013,2013-12-18,statement,801,1,2,-1,-0.4993757802746567,0.3333333333333333,3,0.8819485252764052,0.6629205100326374,-0.1054725853833863,0.3445060762654276,0.1333333333333333
2014,2014-01-29,statement,812,1,2,-1,-0.4926108374384236,0.3333333333333333,3,0.9718972403180602,0.6699388067965832,-0.1027995299761905,0.006764942836233,0.0
2014,2014-03-19,statement,862,1,2,-1,-0.3480278422273781,0.3333333333333333,3,0.8995452753497502,0.6936670795170631,-0.1089366952300662,0.1445829952110455,0.0
2014,2014-04-30,statement,794,1,2,-1,-0.3778337531486146,0.3333333333333333,3,0.9795035627487292,0.6814234922623488,-0.1104267113955121,-0.0298059109212364,0.0
2014,2014-06-18,statement,779,1,2,-1,-0.3851091142490372,0.3333333333333333,3,0.986944368224261,0.6809803529923768,-0.1128904952429836,-0.0072753611004226,0.0
2014,2014-07-30,statement,774,0,3,-3,-0.6459948320413437,0.0,3,0.9534327491490328,0.6703176838153616,-0.1216046791279598,-0.2608857177923064,-0.3333333333333333
2014,2014-09-17,statement,768,0,3,-3,-0.6510416666666667,0.0,3,0.974449419265483,0.6778892393476506,-0.12405398023309,-0.005046834625323,0.0
2014,2014-10-29,statement,631,0,3,-3,-0.6339144215530903,0.0,3,0.7935646638651935,0.6853709748337036,-0.1374539384739199,0.0171272451135764,0.0
2014,2014-12-17,statement,713,0,6,-6,-1.1220196353436185,0.0,6,0.8448289710812008,0.6932578234270338,-0.1117536386420004,-0.4881052137905282,0.0
2015,2015-01-28,statement,539,0,4,-4,-0.927643784786642,0.0,4,0.8466758287763276,0.6728257102686196,-0.1274172325665969,0.1943758505569764,0.0
2015,2015-03-18,statement,554,0,3,-3,-0.7220216606498195,0.0,3,0.8914706058454483,0.6948827312344902,-0.1214583942847376,0.2056221241368224,0.0
2015,2015-04-29,statement,530,0,3,-3,-0.7547169811320755,0.0,3,0.8945674202272168,0.6671110850821561,-0.1177071838999545,-0.0326953204822559,0.0
2015,2015-06-17,statement,515,0,3,-3,-0.7766990291262136,0.0,3,0.9453937516533232,0.6783347576350898,-0.1336452539046909,-0.021982047994138,0.0
2015,2015-07-29,statement,509,0,3,-3,-0.7858546168958742,0.0,3,0.9698451537478298,0.678516751309867,-0.1350760359805357,-0.0091555877696606,0.0
2015,2015-09-17,statement,534,0,3,-3,-0.7490636704119851,0.0,3,0.9430650163518908,0.6853736035009144,-0.1297147022380441,0.0367909464838891,0.0
2015,2015-10-28,statement,525,0,3,-3,-0.7619047619047619,0.0,3,0.9672944254734492,0.6819313510505695,-0.1285721704948756,-0.0128410914927767,0.0
2015,2015-12-16,statement,568,0,3,-3,-0.8802816901408451,0.0,3,0.6885592081521128,0.7093038830226756,-0.1200766915258238,-0.1183769282360832,0.0
2016,2016-01-27,statement,535,0,3,-3,-0.9345794392523364,0.0,3,0.8848116618003957,0.6987705476190026,-0.1371746405107856,-0.0542977491114912,0.0
2016,2016-03-16,statement,523,0,2,-2,-0.7648183556405354,0.0,2,0.9180010643006984,0.6956525661129351,-0.1319185237906266,0.1697610836118009,0.0
2016,2016-04-27,statement,528,0,2,-2,-0.7575757575757576,0.0,2,0.9255303967556424,0.6957951105919337,-0.1314448754000111,0.0072425980647777,0.0
2016,2016-06-15,statement,517,0,2,-2,-0.7736943907156674,0.0,2,0.951266722154573,0.6884044662321613,-0.1331579287643496,-0.0161186331399098,0.0
2016,2016-07-27,statement,517,0,2,-2,-0.7736943907156674,0.0,2,0.9343148397205884,0.6897518922615268,-0.1348159069666734,0.0,0.0
2016,2016-09-21,statement,552,0,2,-2,-0.7246376811594203,0.0,2,0.928032993550722,0.6998583784003505,-0.1374294585933999,0.049056709556247,0.0
2016,2016-11-02,statement,546,0,2,-2,-0.7326007326007326,0.0,2,0.9622836468158568,0.7044030645865712,-0.137941519831938,-0.0079630514413122,0.0
2016,2016-12-14,statement,512,0,2,-2,-0.78125,0.0,2,0.9433884532466004,0.7016685775401896,-0.1500469381483533,-0.0486492673992674,0.0
2017,2017-02-01,statement,476,0,2,-2,-0.8403361344537815,0.0,2,0.8708462252883042,0.7023889207101973,-0.1574392232350016,-0.0590861344537815,0.0
2017,2017-03-15,statement,477,0,2,-2,-0.8385744234800839,0.0,2,0.9068078275448552,0.7001781406303155,-0.1552808463216607,0.0017617109736975,0.0
2017,2017-05-03,statement,497,0,3,-3,-1.0060362173038229,0.0,3,0.9162480319532954,0.7140679434543803,-0.148289639638402,-0.1674617938237389,0.0
2017,2017-06-14,statement,510,0,2,-2,-0.5882352941176471,0.0,2,0.838178820808749,0.6851388416291257,-0.1510215044392295,0.4178009231861758,0.0
2017,2017-07-26,statement,486,0,2,-2,-0.6172839506172839,0.0,2,0.9533618180575428,0.6820452040879782,-0.15595415566311,-0.0290486564996368,0.0
2017,2017-09-20,statement,514,0,2,-2,-0.5836575875486382,0.0,2,0.8929270833262426,0.6542220356495434,-0.1246557165881112,0.0336263630686457,0.0
2017,2017-11-01,statement,491,0,2,-2,-0.6109979633401221,0.0,2,0.9476455905420236,0.6445187357578954,-0.1271627505635175,-0.0273403757914839,0.0
2017,2017-12-13,statement,442,0,2,-2,-0.6787330316742082,0.0,2,0.922600343800085,0.6613758205716525,-0.131008432495549,-0.067735068334086,0.0
2018,2018-01-31,statement,397,0,2,-2,-0.7556675062972292,0.0,2,0.9124101596338732,0.65906105849412,-0.1436181084174398,-0.076934474623021,0.0
2018,2018-03-21,statement,426,0,2,-2,-0.7042253521126761,0.0,2,0.9330926280852672,0.6533027543938226,-0.1329987510961174,0.0514421541845531,0.0
2018,2018-05-02,statement,400,0,2,-2,-0.75,0.0,2,0.9263768783931012,0.6516155068440891,-0.1472217965183108,-0.0457746478873238,0.0
2018,2018-06-13,statement,300,0,2,-2,-0.6666666666666667,0.0,2,0.7769589516000077,0.615421812134461,-0.1517735050618796,0.0833333333333332,0.0
2018,2018-08-01,statement,288,0,2,-2,-0.6944444444444444,0.0,2,0.9299520065488514,0.6076100740942997,-0.157571848463126,-0.0277777777777776,0.0
2018,2018-09-26,statement,267,0,1,-1,-0.3745318352059925,0.0,1,0.945975081437764,0.6018973451480384,-0.1560360061094302,0.3199126092384519,0.0
2018,2018-11-08,statement,280,0,1,-1,-0.3571428571428571,0.0,1,0.9315232865588854,0.6027660709591399,-0.1537765069633678,0.0173889780631353,0.0
2018,2018-12-19,statement,304,0,1,-1,-0.3289473684210526,0.0,1,0.9267506645002452,0.616835145449123,-0.1455942419679278,0.0281954887218045,0.0
2019,2019-01-30,statement,302,0,1,-1,-0.3311258278145695,0.0,1,0.7997603996726078,0.6015470184339166,-0.1486739317453061,-0.0021784593935169,0.0
2019,2019-03-20,statement,318,0,1,-1,-0.3144654088050315,0.0,1,0.8597071987230521,0.5982676826567035,-0.1344859396521828,0.016660419009538,0.0
2019,2019-05-01,statement,294,0,1,-1,-0.3401360544217687,0.0,1,0.9465970169602188,0.6009700015029262,-0.1509124096509813,-0.0256706456167372,0.0
2019,2019-06-19,statement,371,0,0,0,0.0,0.0,0,0.7863504025512671,0.5987357561976441,-0.1339544061886484,0.3401360544217687,0.0
2019,2019-07-31,statement,418,0,0,0,0.0,0.0,0,0.9095874576968184,0.6135748998890791,-0.1435663519807468,0.0,0.0
2019,2019-09-18,statement,403,0,0,0,0.0,0.0,0,0.9388610286743352,0.5953907804635338,-0.1528321325534557,0.0,0.0
2019,2019-10-11,statement,345,0,0,0,0.0,0.0,0,0.1388714047497569,0.2656839526928726,0.0781349048890146,0.0,0.0
2019,2019-10-30,statement,363,0,0,0,0.0,0.0,0,0.1590696047483571,0.6037182408414468,-0.158430877453183,0.0,0.0
2019,2019-12-11,statement,326,0,0,0,0.0,0.0,0,0.904604045007308,0.6188056684591147,-0.1777825111323547,0.0,0.0
2020,2020-01-29,statement,326,0,0,0,0.0,0.0,0,0.8950438979162991,0.610030563823233,-0.1726861532278192,0.0,0.0
2020,2020-03-03,statement,144,0,0,0,0.0,0.0,0,0.4396096313048086,0.2977055959150981,-0.0531529726919495,0.0,0.0
2020,2020-03-15,statement,682,0,1,-1,-0.1466275659824047,0.0,1,0.4292638575860695,0.6393706810687296,-0.1246683500933428,-0.1466275659824047,0.0
2020,2020-03-23,statement,293,0,0,0,0.0,0.0,0,0.5949698958109324,0.3849227373363057,-0.0207255235232639,0.1466275659824047,0.0
2020,2020-04-29,statement,437,0,0,0,0.0,0.0,0,0.5755896370280559,0.5161895429939315,-0.1378718527916256,0.0,0.0
2020,2020-06-10,statement,440,0,0,0,0.0,0.0,0,0.9583817862988516,0.5150105017121499,-0.1398863708729097,0.0,0.0
2020,2020-07-29,statement,461,0,0,0,0.0,0.0,0,0.9477412005992129,0.5210421651657021,-0.1392295165436601,0.0,0.0
2020,2020-09-16,statement,562,0,1,-1,-0.3558718861209964,0.0,1,0.7276285722959366,0.5634863398680754,-0.1431290737674696,-0.3558718861209964,0.0
2020,2020-11-05,statement,479,0,1,-1,-0.6263048016701461,0.0,1,0.9142951717632348,0.5470322292109154,-0.1638226395546186,-0.2704329155491497,0.0
2020,2020-12-16,statement,493,0,1,-1,-0.6085192697768762,0.0,1,0.9379759048620894,0.5532519338187617,-0.1685951014018005,0.0177855318932699,0.0
2021,2021-01-27,statement,500,0,1,-1,-0.6,0.0,1,0.9040851042121464,0.5347881161569297,-0.1677340960561393,0.0085192697768762,0.0
2021,2021-03-17,statement,495,0,1,-1,-0.6060606060606061,0.0,1,0.965057867857406,0.5322320712617546,-0.1691753995329999,-0.0060606060606061,0.0
2021,2021-04-28,statement,491,0,1,-1,-0.6109979633401221,0.0,1,0.9502226357110362,0.5199085656772564,-0.1662446047836932,-0.004937357279516,0.0
2021,2021-06-16,statement,489,0,1,-1,-0.6134969325153374,0.0,1,0.9675385550062232,0.5214193439584098,-0.163364718166589,-0.0024989691752153,0.0
2021,2021-07-28,statement,503,0,1,-1,-0.5964214711729622,0.0,1,0.958315364407926,0.5290378834718151,-0.1682523288219737,0.0170754613423752,0.0
2021,2021-09-22,statement,521,1,1,0,-0.3838771593090211,0.5,2,0.96525552047001,0.5368514517668617,-0.1633336195925303,0.212544311863941,0.5
2021,2021-11-03,statement,629,1,2,-1,-0.4769475357710651,0.3333333333333333,3,0.8849373293644696,0.5650534664804084,-0.1557318608249928,-0.093070376462044,-0.1666666666666666
2021,2021-12-15,statement,536,1,2,-1,-0.3731343283582089,0.3333333333333333,3,0.8769075162540532,0.5612032123575103,-0.1565315652963245,0.1038132074128562,0.0
2022,2022-01-26,statement,445,1,2,-1,-0.449438202247191,0.3333333333333333,3,0.8081421396806638,0.5371520733270374,-0.1449761871834834,-0.0763038738889821,0.0
2022,2022-03-16,statement,363,3,0,3,0.8264462809917356,1.0,3,0.6184333173131228,0.5445867828688857,-0.1427401849867296,1.275884483238927,0.6666666666666667
2022,2022-05-04,statement,381,5,0,5,1.3123359580052494,1.0,5,0.871047328397545,0.5344692802736308,-0.1370158694220402,0.4858896770135138,0.0
2022,2022-06-15,statement,383,5,0,5,1.3054830287206265,1.0,5,0.8806624341139024,0.5248357076346842,-0.138246429125123,-0.0068529292846228,0.0
2022,2022-07-27,statement,328,5,0,5,1.524390243902439,1.0,5,0.8689536225040797,0.5201597922313914,-0.1568595670613198,0.2189072151818125,0.0
2022,2022-09-21,statement,329,5,0,5,1.5197568389057752,1.0,5,0.9821910565469776,0.5223058523905073,-0.150921326062528,-0.0046334049966638,0.0
2022,2022-11-02,statement,400,7,0,7,1.7500000000000002,1.0,7,0.9001956165297348,0.546761599929495,-0.1507544913453108,0.230243161094225,0.0
2022,2022-12-14,statement,400,7,0,7,1.7500000000000002,1.0,7,0.9873526218067528,0.5438248882894308,-0.1496030338713392,0.0,0.0
2023,2023-02-01,statement,358,6,0,6,1.9553072625698324,1.0,6,0.8292825910319649,0.5294253613801879,-0.1612084376519801,0.2053072625698322,0.0
2023,2023-03-22,statement,390,5,0,5,1.282051282051282,1.0,5,0.8756017899051605,0.5514843019425835,-0.1479032182194201,-0.6732559805185505,0.0
2023,2023-05-03,statement,356,4,0,4,1.1235955056179776,1.0,4,0.9567806029619368,0.5407142785365442,-0.1539565230613991,-0.1584557764333043,0.0
2023,2023-06-14,statement,366,4,0,4,1.092896174863388,1.0,4,0.9587703723363998,0.5439873958805302,-0.1591719259093533,-0.0306993307545895,0.0
2023,2023-07-26,statement,358,4,0,4,1.11731843575419,1.0,4,0.967553167123182,0.5408616616352455,-0.1515869815549389,0.0244222608908017,0.0
2023,2023-09-20,statement,363,4,0,4,1.1019283746556474,1.0,4,0.9627690163557884,0.5412117784141626,-0.1555591310924086,-0.0153900610985424,0.0
2023,2023-11-01,statement,369,4,0,4,1.084010840108401,1.0,4,0.9764813928948242,0.5405716160756584,-0.1569431247232244,-0.0179175345472464,0.0
2023,2023-12-13,statement,380,4,0,4,1.0526315789473684,1.0,4,0.9736820398589012,0.5410671842640226,-0.1510103249025016,-0.0313792611610326,0.0
2024,2024-01-31,statement,359,3,1,2,0.5571030640668524,0.75,4,0.6944005557871467,0.5369224899633764,-0.1847604498370783,-0.4955285148805159,-0.25
2024,2024-03-20,statement,353,3,1,2,0.56657223796034,0.75,4,0.9780586495703018,0.539506897674706,-0.187774863612994,0.0094691738934875,0.0
2024,2024-05-01,statement,431,3,1,2,0.4640371229698375,0.75,4,0.890694838132489,0.5587772412312989,-0.1846669761926246,-0.1025351149905023,0.0
2024,2024-06-12,statement,367,3,1,2,0.544959128065395,0.75,4,0.9582956049359378,0.546587643210469,-0.1862370335605841,0.0809220050955574,0.0
2024,2024-07-31,statement,384,1,1,0,0.0,0.5,2,0.911885141425874,0.536071665789938,-0.1788672313107756,-0.544959128065395,-0.25
2024,2024-09-18,statement,381,1,0,1,0.2624671916010498,1.0,1,0.8507328617483624,0.5346164403071867,-0.1595712581427678,0.2624671916010498,0.5
2024,2024-11-07,statement,343,1,0,1,0.2915451895043732,1.0,1,0.9200718345016816,0.5409283845213176,-0.173788111078472,0.0290779979033233,0.0
2024,2024-12-18,statement,370,1,0,1,0.2702702702702703,1.0,1,0.9775346644896656,0.5537158376004033,-0.1658753347975552,-0.0212749192341029,0.0
